Order,Family,Genus,Species,Genus Species,McNab Name,Mass (g),BMR (W),BMR (kJ/h),Temperature (C),Notes,Reference,Food,Climate,Habitat,Substrate,Torpor,Islands,Mountains,Tree Name,Notes
Monotremata,Tachyglossidae,Tachyglossus,aculeatus,Tachyglossus aculeatus,,2140,1.5639,5.63,30.4,,McNab (1984),A/T,T/TR,W,B,N,N,N,Tachyglossus aculeatus,
Monotremata,Tachyglossidae,Zaglossus,bartoni,Zaglossus bartoni,,10300,6.7806,24.41,30.8,,McNab (1984),W,TR,M,B,N,Y,Y,Zaglossus bruijni,Branching
Monotremata,Ornithorhynchidae,Ornithorhynchus,anatinus,Ornithorhynchus anatinus,,1300,2.6111,9.4,32.2,Temperature estimated from plot.,Grant and Dawson (1978),V/IV,T,FW,AQ,N,N,N,Ornithorhynchus anatinus,
Didelphimorphia,Didelphidae,Caluromys,derbianus,Caluromys derbianus,,357,1.1361,4.09,34,,McNab (1978a),F,TR,M,TR,N,N,N,Caluromys derbianus,
Didelphimorphia,Didelphidae,Gracilinanus,microtarsus,Gracilinanus microtarsus,Marmosa microtarsus,13,0.1056,0.38,34.7,,Morrison and McNab (1962),I/F,T,M,T/TR,Y,N,N,Gracilinanus microtarsus,
Didelphimorphia,Didelphidae,Thylamys,elegans,Thylamys elegans,,40,0.2389,0.86,,,Bozinovic et al. (2005),I,T,M,T/TR,HIB,N,Y,Thylamys elegans,
Didelphimorphia,Didelphidae,Monodelphis,domestica,Monodelphis domestica,,104,0.3361,1.21,32.6,,Dawson and Olson (1988),I,TR,X,T,N,N,N,Monodelphis domestica,
Didelphimorphia,Didelphidae,Monodelphis,brevicaudata,Monodelphis brevicaudata,,111,0.4222,1.52,33.5,,McNab (1978a),I,TR,M,T,Y,N,N,Monodelphis brevicaudata,
Didelphimorphia,Didelphidae,Marmosa,robinsoni,Marmosa robinsoni,,122,0.5444,1.96,34,,McNab (1978a),I/F,TR,M,T,Y,N,N,Marmosa robinsoni,
Didelphimorphia,Didelphidae,Metachirus,nudicaudatus,Metachirus nudicaudatus,,336,1.1444,4.12,35,,McNab (1978a),I/F,TR,M,T/TR,N,N,N,Metachirus nudicaudatus,
Didelphimorphia,Didelphidae,Philander,opossum,Philander opossum,,751,1.8861,6.79,35.8,,McNab (1978a),I/F,TR,M,T,N,N,N,Philander opossum,
Didelphimorphia,Didelphidae,Lutreolina,crassicaudata,Lutreolina crassicaudata,,812,2.2639,8.15,35.8,,McNab (1978a),V/I,T,M,T,N,N,N,Lutreolina crassicaudata,
Didelphimorphia,Didelphidae,Chironectes,minimus,Chironectes minimus,,923,2.0444,7.36,,,Thompson (1988),V/I,TR,FW,AQ,N,N,N,Chironectes minimus,
Didelphimorphia,Didelphidae,Didelphis,marsupialis,Didelphis marsupialis,,1329,3.4111,12.28,35,,McNab (1978a),I/F,TR,M,T/TR,N,N,N,Didelphis marsupialis,
Didelphimorphia,Didelphidae,Didelphis,virginiana,Didelphis virginiana,,3257,5.9944,21.58,34.8,,McNab (1978a),I/F,T,M,T/TR,N,N,N,Didelphis virginiana,
Microbiotheria,Microbiotheriidae,Dromiciops,gliroides,Dromiciops gliroides,,40,0.1778,0.64,35.15,Temperature is average of diurnal and nocturnal values and is measured independently of BMR.,Bozinovic et al. (2004),I/F,T,M,T/TR,HIB,N,N,Dromiciops gliroides,
Notoryctemorphia,Notoryctidae,Notoryctes,caurinus,Notoryctes caurinus,,34.2,0.1194,0.43,30.6,,Withers et al. (2000),I,T/TR,X,FOSS,Y,N,N,Notoryctes caurinus,
Dasyuromorphia,Myrmecobiidae,Myrmecobius,fasciatus,Myrmecobius fasciatus,,480,1.0361,3.73,33.9,Note: McNab uses extrapolation.,McNab (1984),A/T,T,X,T,N,N,N,Myrmecobius fasciatus,
Dasyuromorphia,Dasyuridae,Antechinomys,laniger,Antechinomys laniger,,24.2,0.1333,0.48,36.6,Corrected reference.,MacMillen and Nelson (1969),I,T,X,T,Y,N,N,Sminthopsis laniger,Genus Change
Dasyuromorphia,Dasyuridae,Antechinus,stuartii,Antechinus stuartii,,36.5,0.2028,0.73,34.4,,Dawson and Hulbert (1970),I,T,M,T,Y,N,N,Antechinus stuartii,
Dasyuromorphia,Dasyuridae,Pseudantechinus,macdonnellensis,Pseudantechinus macdonnellensis,,43.1,0.1528,0.55,34.2,,MacMillen and Nelson (1969),I,T/TR,X,T,Y,N,N,Pseudantechinus macdonnellensis,
Dasyuromorphia,Dasyuridae,Antechinus,flavipes,Antechinus flavipes,,46.5,0.2528,0.91,35.1,Normothermic Tb for males.,Geiser (1988),I,T/TR,M,T,Y,N,N,Antechinus flavipes,
Dasyuromorphia,Dasyuridae,Antechinus,swainsonii,Antechinus swainsonii,,66.9,0.3556,1.28,36,,Chappell and Dawson (1994),I,T,M,T,Y?,N,N,Antechinus swainsonii,
Dasyuromorphia,Dasyuridae,Dasycercus,cristicauda,Dasycercus cristicauda,,88.8,0.2583,0.93,37.7,,MacMillen and Nelson (1969),V/I,T/TR,M,T,Y,N,N,Dasycercus cristicauda,
Dasyuromorphia,Dasyuridae,Dasyuroides,byrnei,Dasyuroides byrnei,,118.2,0.4611,1.66,34.3,,Geiser and Baudinette (1987),V/I,T,X,T,Y,N,N,Dasycercus byrnei,Genus Change
Dasyuromorphia,Dasyuridae,Phascogale,tapoatafa,Phascogale tapoatafa,,157.2,0.7083,2.55,37.4,,MacMillen and Nelson (1969),V/I,T/TR,M,TR,N,N,N,Phascogale tapoatafa,
Dasyuromorphia,Dasyuridae,Dasyurus,hallucatus,Dasyurus hallucatus,,584.4,1.6611,5.98,38.1,,MacMillen and Nelson (1969),V/I,TR,M,T,N,N,N,Dasyurus hallucatus,
Dasyuromorphia,Dasyuridae,Dasyurus,viverrinus,Dasyurus viverrinus,,909.9,2.2833,8.22,36.7,,MacMillen and Nelson (1969),V,T,M,T,N,N,N,Dasyurus viverrinus,
Dasyuromorphia,Dasyuridae,Dasyurus,geoffroii,Dasyurus geoffroii,,1354,3.1722,11.42,36.2,,Arnold and Shield (1970),V,T,M,T,N,N,N,Dasyurus geoffroii,
Dasyuromorphia,Dasyuridae,Dasyurus,maculatus,Dasyurus maculatus,,1782,3.2806,11.81,36.9,,MacMillen and Nelson (1969),V,T/TR,M,T/TR,N,N,N,Dasyurus maculatus,
Dasyuromorphia,Dasyuridae,Sarcophilus,harrisii,Sarcophilus harrisii,,5050,7.8861,28.39,36.8,,MacMillen and Nelson (1969),V,T,M,T,N,N,N,Sarcophilus laniarius,Name Change
Dasyuromorphia,Dasyuridae,Planigale,tenuirostris,Planigale tenuirostris,,7.1,0.0639,0.23,34.5,,Dawson and Wolfers (1978),I,TR,X,T,Y,N,N,Planigale tenuirostris,
Dasyuromorphia,Dasyuridae,Planigale,ingrami,Planigale ingrami,,7.1,0.0639,0.23,34.5,,Dawson and Wolfers (1978),I,TR,X,T,Y,N,N,Planigale ingrami,
Dasyuromorphia,Dasyuridae,Planigale,gilesi,Planigale gilesi,,9.4,0.0722,0.26,35.9,,Dawson and Wolfers (1978),I,T,X,T,Y,N,N,Planigale gilesi,
Dasyuromorphia,Dasyuridae,Ningaui,yvonnae,Ningaui yvonnae,,11.6,0.0889,0.32,34.4,,Geiser and Baudinette (1988),I,T,X,T,Y,N,N,Ningaui yvonnae,
Dasyuromorphia,Dasyuridae,Planigale,maculata,Planigale maculata,,13.1,0.0750,0.27,34.2,,Morton and Lee (1978),I,T/TR,M,T,Y,N,N,Planigale maculata,
Dasyuromorphia,Dasyuridae,Sminthopsis,crassicaudata,Sminthopsis crassicaudata,,17.7,0.1222,0.44,34.3,,Geiser and Baudinette (1987),I,T,X,T,Y,N,N,Sminthopsis crassicaudata,
Dasyuromorphia,Dasyuridae,Sminthopsis,murina,Sminthopsis murina,,19,0.1194,0.43,,,Geiser et al. (1984),I,T/TR,X,T,Y,N,N,Sminthopsis murina,
Dasyuromorphia,Dasyuridae,Sminthopsis,macroura,Sminthopsis macroura,,22,0.1306,0.47,33.9,,Geiser and Baudinette (1987),I,T/TR,X,T,Y,N,N,Sminthopsis macroura,
Peramelemorphia,Thylacomyidae,Macrotis,lagotis,Macrotis lagotis,,1011,1.9750,7.11,34.9,,Hulbert and Dawson (1974),I,T/TR,X,B,N,N,N,Macrotis lagotis,
Peramelemorphia,Peramelidae,Isoodon,auratus,Isoodon auratus,,428,0.8361,3.01,33.8,,Withers (1992),I,TR,X,T,N,N,N,Isoodon auratus,
Peramelemorphia,Peramelidae,Perameles,nasuta,Perameles nasuta,,645,1.7639,6.35,36.1,,Hulbert and Dawson (1974),I,T/TR,M,T,N,N,N,Perameles nasuta,
Peramelemorphia,Peramelidae,Isoodon,obesulus,Isoodon obesulus,,717.2,1.2389,4.46,33.9,,Hinds et al. (1993),I,T/TR,M,T,N,N,N,Isoodon obesulus,
Peramelemorphia,Peramelidae,Perameles,gunnii,Perameles gunnii,,837.3,2.3444,8.44,35.2,,Hinds et al. (1993),I,T,M,T,N,N,N,Perameles gunnii,
Peramelemorphia,Peramelidae,Isoodon,macrourus,Isoodon macrourus,,1551,3.5472,12.77,35.9,,Hulbert and Dawson (1974),I/F,T/TR,M,T,N,N,N,Isoodon macrourus,
Peramelemorphia,Peramelidae,Echymipera,kalubu,Echymipera kalubu,,695,1.9000,6.84,35,,Hulbert and Dawson (1974),I/F,TR,M,T,N,N,N,Echymipera kalubu,
Peramelemorphia,Peramelidae,Echymipera,rufescens,Echymipera rufescens,,1276,3.0167,10.86,35.2,,Hulbert and Dawson (1974),I/F,TR,M,T,N,N,N,Echymipera rufescens,
Diprotodontia,Phascolarctidae,Phascolarctos,cinereus,Phascolarctos cinereus,,4765,5.8472,21.05,35.75,McNab averages the values at 20C and 25C.,Degabriele and Dawson (1979),L,T/TR,M,TR,N,N,N,Phascolarctos cinereus,
Diprotodontia,Vombatidae,Lasiorhinus,latifrons,Lasiorhinus latifrons,,25000,13.9444,50.2,35.3,"McNab averages the two groups of wombats.  Temperature is given at 25C which is above, or close to the lower critical temperature.  Data is not quite ideal.",Wells (1978),G,T,X,B,N,N,N,Lasiorhinus latifrons,
Diprotodontia,Burramyidae,Cercartetus,lepidus,Cercartetus lepidus,,12.6,0.1056,0.38,33.7,,Geiser (1987),I,T,M,T/TR,HIB,N,N,Cercartetus lepidus,
Diprotodontia,Burramyidae,Cercartetus,concinnus,Cercartetus concinnus,,18.6,0.1250,0.45,34.4,,Geiser (1987),I,T,X,T/TR,HIB,N,N,Cercartetus concinnus,
Diprotodontia,Burramyidae,Burramys,parvus,Burramys parvus,,44.3,0.2056,0.74,36.1,,Fleming (1985a),I/F,T,M,T,HIB,N,Y,Burramys parvus,
Diprotodontia,Burramyidae,Cercartetus,nanus,Cercartetus nanus,,70,0.3361,1.21,35.5,Tb under conditions of BMR measurement is stated to approximate 35-36C.,Bartholomew and Hudson (1962),I/F,T,M,T/TR,HIB,N,N,Cercartetus nanus,
Diprotodontia,Phalangeridae,Phalanger,sericeus,Phalanger sericeus,,1353.2,2.3917,8.61,,,McNab (in press),F/L,TR,M,TR,N,Y,Y,Phalanger sericeus,
Diprotodontia,Phalangeridae,Phalanger,carmelitae,Phalanger carmelitae,,1389.7,2.9833,10.74,,,McNab (in press),F/L,TR,M,TR,N,Y,Y,Phalanger carmelitae,
Diprotodontia,Phalangeridae,Phalanger,gymnotis,Phalanger gymnotis,,1565.5,2.8917,10.41,,,McNab (in press),F/L,TR,M,T,N,Y,Y,Strigocuscus gymnotis,Genus Change
Diprotodontia,Phalangeridae,Phalanger,intercastellanus,Phalanger intercastellanus,,1671.4,3.6722,13.22,,,McNab (in press),F/L,TR,M,TR,N,N,N,Phalanger orientalis,Branching/reclassification
Diprotodontia,Phalangeridae,Trichosurus,vulpecula,Trichosurus vulpecula,,1982,3.5389,12.74,36.2,,Dawson and Hulbert (1970),L,T/TR,M,TR,N,N,N,Trichosurus vulpecula,
Diprotodontia,Phalangeridae,Spilocuscus,maculatus,Spilocuscus maculatus,,4250,5.6804,20.4493,34.6,Value corrected.  McNab uses 1.25 rather than the reported 1.15.,Dawson and Degabriele (1972),F/L,TR,M,TR,N,N,N,Spilocuscus maculatus,
Diprotodontia,Pseudocheiridae,Petauroides,volans,Petauroides volans,,1141,3.1806,11.45,35.4,Value estimated from plot.,Rübsamen et al. (1984),L,T/TR,M,TR,N,N,N,Petauroides volans,
Diprotodontia,Pseudocheiridae,Pseudocheirus,peregrinus,Pseudocheirus peregrinus,,860.1,1.5833,5.7,,,Kinnear and Shield (1975),L,T/TR,M,TR,N,N,N,Pseudocheirus peregrinus,
Diprotodontia,Petauridae,Petaurus,breviceps,Petaurus breviceps,,128.1,0.4944,1.78,36.4,,Dawson and Hulbert (1970),S,T/TR,M,TR,Y,N,N,Petaurus breviceps,
Diprotodontia,Petauridae,Gymnobelideus,leadbeateri,Gymnobelideus leadbeateri,,166,0.5750,2.07,,Not measured,Smith et al. (1982),E,T,M,TR,N,N,N,Gymnobelideus leadbeateri,
Diprotodontia,Tarsipedidae,Tarsipes,rostratus,Tarsipes rostratus,,10,0.1611,0.58,37,,Withers et al. (1990),N,T,M,TR,Y,N,N,Tarsipes rostratus,
Diprotodontia,Acrobatidae,Acrobates,pygmaeus,Acrobates pygmaeus,,14,0.0833,0.3,36.7,,Fleming (1985b),N,T/TR,M,TR,HIB,N,N,Acrobates pygmaeus,
Diprotodontia,Potoroidae,Bettongia,penicillata,Bettongia penicillata,,1070,3.0750,11.07,,Not measured,Wallis and Farrell (1992),O,T/TR,X,T,N,N,N,Bettongia penicillata,
Diprotodontia,Potoroidae,Potorous,tridactylus,Potorous tridactylus,,1120,2.8111,10.12,,Not measured,Nicol (1976),I/F,T,M,T,N,N,N,Potorous tridactylus,
Diprotodontia,Potoroidae,Bettongia,gaimardi,Bettongia gaimardi,,1385,3.5778,12.88,35.6,,Hinds et al. (1993),O,T,M,T,N,N,N,Bettongia gaimardi,
Diprotodontia,Potoroidae,Aepyprymnus,rufescens,Aepyprymnus rufescens,,2820,5.9778,21.52,36.6,,Rübsamen et al. (1983),G,T/TR,M,T,N,N,N,Aepyprymnus rufescens,
Diprotodontia,Macropodidae,Setonix,brachyurus,Setonix brachyurus,,2510,4.4806,16.13,,,Kinnear and Shield (1975),G,T,X,T,N,N,N,Setonix brachyurus,
Diprotodontia,Macropodidae,Lagorchestes,conspicillatus,Lagorchestes conspicillatus,,2660,4.7472,17.09,36,,Dawson and Bennett (1978),G,TR,M,T,N,N,N,Lagorchestes conspicillatus,
Diprotodontia,Macropodidae,Macropus,eugenii,Macropus eugenii,,4796,7.7583,27.93,36.4,,Dawson and Hulbert (1970),G,T,X,T,N,N,N,Macropus eugenii,
Diprotodontia,Macropodidae,Dendrolagus,matschiei,Dendrolagus matschiei,,6960,8.1528,29.35,36.5,Estimated from plot.,McNab (1988),F/L,TR,M,TR,N,Y,Y,Dendrolagus matschiei,
Diprotodontia,Macropodidae,Macropus,robustus,Macropus robustus,,29300,31.0528,111.79,35.5,,Dawson (1972),G,T/TR,X,T,N,N,N,Macropus robustus,
Diprotodontia,Macropodidae,Macropus,rufus,Macropus rufus,,32490,32.2583,116.13,35.9,,Dawson and Hulbert (1970),G,T/TR,X,T,N,N,N,Macropus rufus,
Afrosoricida,Tenrecidae,Geogale,aurita,Geogale aurita,,6.9,0.0444,0.16,30.8,After Respirometry data used.,Stephenson and Racey (1993a),I,TR,M,T,Y,Y,N,Geogale aurita,
Afrosoricida,Tenrecidae,Microgale,cowani,Microgale cowani,,10.3,0.1500,0.54,33,,Stephenson and Racey (1993b),I,TR,M,T,?,Y,N,Microgale cowani,
Afrosoricida,Tenrecidae,Microgale,drouhardi,Microgale drouhardi,,11.9,0.1583,0.57,,,Stephenson and Racey (1993b),I,TR,M,T,?,Y,N,,"Branched from M. cowani, but this species is already represented."
Afrosoricida,Tenrecidae,Microgale,talazaci,Microgale talazaci,,44,0.2417,0.87,33.1,NRA after respirometry.,Stephenson and Racey (1993b),I,TR,M,T,Y,Y,N,Microgale talazaci,
Afrosoricida,Tenrecidae,Oryzorictes,hova,Oryzorictes hova,,44.4,0.2472,0.89,,,Stephenson (1994b),W,TR,X,T,?,Y,N,Oryzorictes hova,
Afrosoricida,Tenrecidae,Microgale,dobsoni,Microgale dobsoni,,44.6,0.2333,0.84,32.5,NRA after respirometry.,Stephenson and Racey (1993b),I,TR,M,T,Y,Y,N,Microgale dobsoni,
Afrosoricida,Tenrecidae,Limnogale,mergulus,Limnogale mergulus,,77.7,0.4028,1.45,32.5,,Stephenson (1994a),V/IV,TR,M,AQ,N,Y,N,Limnogale mergulus,
Afrosoricida,Tenrecidae,Hemicentetes,nigriceps,Hemicentetes nigriceps,,101.9,0.4056,1.46,,Not reported,Stephenson and Racey (1994),W,TR,M,T,Y,Y,N,,"Sometimes considered to be a subspecies of H. semispinosus, but this species is already represented."
Afrosoricida,Tenrecidae,Hemicentetes,semispinosus,Hemicentetes semispinosus,,133,0.3583,1.29,,Not reported,Stephenson and Racey (1994),W,TR,M,T,Y,Y,N,Hemicentetes semispinosus,
Afrosoricida,Tenrecidae,Setifer,setosus,Setifer setosus,,530,0.6806,2.45,32.2,,McNab (1980),I,TR,M,T,Y,Y,N,Setifer setosus,
Afrosoricida,Tenrecidae,Tenrec,ecaudatus,Tenrec ecaudatus,,790,1.4556,5.24,,,Hildwein (1970),I,TR,M,T,Y,Y,N,Tenrec ecaudatus,
Afrosoricida,Chrysochloridae,Eremitalpa,granti,Eremitalpa granti,,26.1,0.0861,0.31,34.7,,Fielden et al. (1990),V,T,X,FOSS,Y,N,N,,Does not seem to correspond to any species in the tree.  No Eremitalpa are represented.
Afrosoricida,Chrysochloridae,Chrysochloris,asiatica,Chrysochloris asiatica,,34,0.2278,0.82,,,Withers (1978),IV,T,X,FOSS,Y,N,N,Chrysochloris asiatica,
Afrosoricida,Chrysochloridae,Amblysomus,hottentotus,Amblysomus hottentotus,,70,0.4722,1.7,,,Kuyper (1979),IV,T,X,FOSS,?,N,N,Amblysomus hottentotus,
Macroscelidea,Macroscelididae,Macroscelides,proboscideus,Macroscelides proboscideus,,38.8,0.2889,1.04,39.1,,Roxburgh and Perrin (1994),A/T,T,X,T,Y,N,N,Macroscelides proboscideus,
Macroscelidea,Macroscelididae,Elephantulus,rozeti,Elephantulus rozeti,,45.31,0.2667,0.96,36.78,,Lovegrove et al. (2001),A/T,TR,M,T,Y,N,N,Elephantulus rozeti,
Macroscelidea,Macroscelididae,Elephantulus,brachyrhynchus,Elephantulus brachyrhynchus,,45.3,0.2444,0.88,,,Downs and Perrin (1995b),A/T,TR,X,T,Y,N,N,Elephantulus brachyrhynchus,
Macroscelidea,Macroscelididae,Elephantulus,intufi,Elephantulus intufi,,46.5,0.2889,1.04,,,Downs and Perrin (1995b),A/T,T,X,T,Y,N,N,Elephantulus intufi,
Macroscelidea,Macroscelididae,Elephantulus,edwardii,Elephantulus edwardii,,49.8,0.3028,1.09,37.6,,Leon et al. (1983),A/T,T,X,T,Y,N,N,Elephantulus edwardii,
Macroscelidea,Macroscelididae,Elephantulus,rufescens,Elephantulus rufescens,,53,0.3167,1.14,37.3,,McNab (1984),A/Y,TR,X,T,Y,N,N,Elephantulus rufescens,
Macroscelidea,Macroscelididae,Elephantulus,myurus,Elephantulus myurus,,62.97,0.3694,1.33,36.73,,Lovegrove et al. (2001),A/T,T,X,T,Y,N,N,Elephantulus myurus,
Macroscelidea,Macroscelididae,Petrodromus,tetradactylus,Petrodromus tetradactylus,,206.1,1.0000,3.6,,,Downs and Perrin (1995b),A/T,TR,M,T,?,N,N,Petrodromus tetradactylus,
Tubulidentata,Orycteropodidae,Orycteropus,afer,Orycteropus afer,,48000,34.2694,123.37,34.5,,McNab (1984),A/T,T/TR,X,T,N,N,N,Orycteropus afer,
Hyracoidea,Procaviidae,Heterohyrax,brucei,Heterohyrax brucei,,2000,4.0167,14.46,37.8,Data from plot.,Taylor and Sale (1969),F/L,TR,X,T,N,N,N,Heterohyrax brucei,
Hyracoidea,Procaviidae,Dendrohyrax,dorsalis,Dendrohyrax dorsalis,,2210,4.1917,15.09,,,Hildwein (1972),F/L,TR,M,TR,N,N,N,Dendrohyrax dorsalis,
Hyracoidea,Procaviidae,Procavia,capensis,Procavia capensis,,2400,3.6139,13.01,,Not measured,Rübsamen et al. (1979),L,TR,X,T,N,N,N,Procavia capensis,
Sirenia,Trichechidae,Trichechus,inunguis,Trichechus inunguis,,170000,57.8417,208.23,,Not measured,Gallivan and Best (1980),L,TR,M,AQ,N,N,N,Trichechus inunguis,
Cingulata,Dasypodidae,Dasypus,sabanicola,Dasypus sabanicola,,1380,1.7333,6.24,,,Fergusson-Laguna (1981),A/T,TR,X,B,N,N,N,Dasypus sabanicola,
Cingulata,Dasypodidae,Dasypus,novemcinctus,Dasypus novemcinctus,,3320,4.4444,16,,,McNab (1980),I,T/TR,M/X,B,N,N,N,Dasypus novemcinctus,
Cingulata,Dasypodidae,Chaetophractus,vellerosus,Chaetophractus vellerosus,,1110,1.7333,6.24,34.4,,McNab (1980),I,T,M/X,B,N,N,N,Chaetophractus vellerosus,
Cingulata,Dasypodidae,Zaedyus,pichiy,Zaedyus pichiy,,1740,2.2333,8.04,35.2,,McNab (1980),I,T,X,B,Y,N,N,Zaedyus pichiy,
Cingulata,Dasypodidae,Chaetophractus,nationi,Chaetophractus nationi,,2150,3.1194,11.23,35.5,,McNab (1980),I,T,X,B,?,N,Y,Chaetophractus nationi,
Cingulata,Dasypodidae,Chaetophractus,villosus,Chaetophractus villosus,,4540,4.5083,16.23,35.1,,McNab (1980),I,T,X,B,N,N,N,Chaetophractus villosus,
Cingulata,Dasypodidae,Euphractus,sexcinctus,Euphractus sexcinctus,,8190,6.8972,24.83,34.2,,McNab (1980),I,TR,X,B,N,N,N,Euphractus sexcinctus,
Cingulata,Dasypodidae,Tolypeutes,matacus,Tolypeutes matacus,,1160,1.1722,4.22,33,,McNab (1980),A/T,T/TR,M/X,T,N,N,N,Tolypeutes matacus,
Cingulata,Dasypodidae,Cabassous,centralis,Cabassous centralis,,3810,4.4639,16.07,33.6,,McNab (1980),A/T,TR,X,B,N,N,N,Cabassous centralis,
Cingulata,Dasypodidae,Priodontes,maximus,Priodontes maximus,,45190,16.8889,60.8,33.6,,McNab (1980),A/T,TR,M/X,FOSS,N,N,N,Priodontes maximus,
Pilosa,Bradypodidae,Bradypus,variegatus,Bradypus variegatus,,3790,3.8278,13.78,33,,McNab (1978b),L,TR,M,TR,N,N,N,Bradypus variegatus,
Pilosa,Megalonychidae,Choloepus,hoffmanni,Choloepus hoffmanni,,4250,4.4556,16.04,34.5,,McNab (1978b),L,TR,M,TR,N,N,N,Choloepus hoffmanni,
Pilosa,Cyclopedidae,Cyclopes,didactylus,Cyclopes didactylus,,249,0.6417,2.31,33,,McNab (1984),A/T,TR,M,TR,N,N,N,Cyclopes didactylus,
Pilosa,Myrmecophagidae,Tamandua,mexicana,Tamandua mexicana,,3500,5.0750,18.27,,Not measured,Enger (1957),A/T,TR,M,T/TR,N,N,N,Tamandua mexicana,
Pilosa,Myrmecophagidae,Tamandua,tetradactyla,Tamandua tetradactyla,,3500,4.8806,17.57,35,,McNab (1984),A/T,TR,M,T/TR,N,N,N,Tamandua tetradactyla,
Pilosa,Myrmecophagidae,Myrmecophaga,tridactyla,Myrmecophaga tridactyla,,30600,14.5083,52.23,32.7,,McNab (1984),A/T,TR,M/X,T,N,N,N,Myrmecophaga tridactyla,
Scandentia,Tupaiidae,Tupaia,glis,Tupaia glis,,123,0.5222,1.88,37,,Bradley and Hudson (1974),I/F,TR,M,TR,N,N,N,Tupaia glis,
Scandentia,Tupaiidae,Tupaia,belangeri,Tupaia belangeri,,186,0.7056,2.54,,,Weigold (1979),I/F,TR,M,TR,N,N,N,Tupaia belangeri,
Scandentia,Ptilocercidae,Ptilocercus,lowii,Ptilocercus lowii,,58,0.2417,0.87,35.7,Day data used.,Whittow and Gould (1976),O,TR,M,TR,N,N,N,Ptilocercus lowii,
Primates,Cheirogaleidae,Cheirogaleus,medius,Cheirogaleus medius,,300,1.0889,3.92,35,McNab uses sleeping metabolism.,McCormick (1981),I/F,TR,M,TR,Y,Y,N,Cheirogaleus medius,
Primates,Lemuridae,Eulemur,fulvus,Eulemur fulvus,,2330,1.8056,6.5,38.2,,Daniels (1984),F,TR,M,T/TR,N,Y,N,Eulemur fulvus,
Primates,Indridae,Propithecus,verreauxi,Propithecus verreauxi,,3080,3.8139,13.73,,Not measured,Richard and Nicoll (1987),F,TR,X,TR,N,Y,N,Propithecus verreauxi,
Primates,Lorisidae,Loris,tardigradus,Loris tardigradus,,263,0.6611,2.38,36,Estimated from plot at 32.5 (Tl).,Müller et al. (1985),I,TR,M,TR,N,Y,N,Loris tardigradus,
Primates,Lorisidae,Nycticebus,coucang,Nycticebus coucang,,1300,1.7417,6.27,34.5,Value at 26 (Tl).,Müller (1979b),I/F,TR,M,TR,N,N,N,Nycticebus coucang,
Primates,Lorisidae,Perodicticus,potto,Perodicticus potto,,1386,2.8611,10.3,,,Palacio (1977),F,TR,M,TR,N,N,N,Perodicticus potto,
Primates,Galagidae,Galago,demidoff,Galago demidoff,Galago demidovii,68,0.3500,1.26,,,Dobler (1982),I,TR,M,TR,N,N,N,Galagoides demidoff,Genus Change
Primates,Galagidae,Galago,moholi,Galago moholi,,156,0.6694,2.41,,,Dobler (1982),E,TR,M/X,TR,N,N,N,Galago moholi,
Primates,Galagidae,Arctocebus,calabarensis,Arctocebus calabarensis,,206,0.7361,2.65,,,Hildwein (1972),I,TR,M,TR,N,N,N,Arctocebus calabarensis,
Primates,Galagidae,Euoticus,elegantulus,Euoticus elegantulus,,262,1.1972,4.31,,,Hildwein (1972),E,TR,M,TR,N,N,N,Euoticus elegantulus,
Primates,Galagidae,Otolemur,crassicaudatus,Otolemur crassicaudatus,,947,2.2917,8.25,36.6,,Müller and Jaksche (1980),E,T/TR,M,TR,N,N,N,Otolemur crassicaudatus,
Primates,Tarsiidae,Tarsius,syrichta,Tarsius syrichta,,114,0.4306,1.55,35.8,Estimated from plot at 32 (Tl).,McNab and Wright (1987),I,TR,M,TR,N,Y,N,Tarsius syrichta,
Primates,Cebidae,Callithrix,pygmaea,Callithrix pygmaea,Cebuella pygmaea,152.5,0.5472,1.97,35.2,Tb measured below thermal neutrality.,Genoud et al. (1997),E,TR,M,TR,N,N,N,Callithrix pygmaea,
Primates,Cebidae,Callithrix,jacchus,Callithrix jacchus,,356,0.8528,3.07,,,Petry et al. (1986),E,TR,M,TR,N,N,N,Callithrix jacchus,
Primates,Cebidae,Callimico,goeldii,Callimico goeldii,,557,1.5528,5.59,36,Tb measured below thermal neutrality.,Kalin et al. (2003),I/F,TR,M,TR,N,N,N,Callimico goeldii,
Primates,Cebidae,Leontopithecus,rosalia,Leontopithecus rosalia,,733,2.1250,7.65,,,Thompson et al. (1994),I/F,TR,M,TR,N,N,N,Leontopithecus rosalia,
Primates,Cebidae,Saimiri,sciureus,Saimiri sciureus,,850,3.3194,11.95,,Not measured,LeMaho et al. (1981),I,TR,M,TR,N,N,N,Saimiri sciureus,
Primates,Aotidae,Aotus,trivirgatus,Aotus trivirgatus,,1020,2.5611,9.22,37.7,McNab uses the nighttime experiments.,LeMaho et al. (1981),F/L,TR,M,TR,N,N,N,Aotus trivirgatus,
Primates,Cercopithecidae,Macaca,mulatta,Macaca mulatta,,6230,12.1611,43.78,,Not measured,Bruhn (1934),F,T/TR,M/X,T/TR,N,N,N,Macaca mulatta,
Primates,Cercopithecidae,Cercopithecus,mitis,Cercopithecus mitis,,8500,18.9639,68.27,38,24-hour mean,Müller et al. (1983),F,TR,M,TR,N,N,N,Cercopithecus mitis,
Primates,Colobinae,Colobus,guereza,Colobus guereza,,10500,16.6917,60.09,37.3,24-hour mean,Müller et al. (1983),L,TR,M,TR,N,N,N,Colobus guereza,
Primates,Hominidae,Pan,troglodytes,Pan troglodytes,,33900,50.6750,182.43,,Not measured,Bruhn and Benedict (1936),O,TR,M,T/TR,N,N,N,Pan troglodytes,
Primates,Hominidae,Homo,sapiens,Homo sapiens,,60500,70.8667,255.12,,,Benedict (1938),O,W,M/X,T,N,N,N,Homo sapiens,
Rodentia,Aplodontiidae,Aplodontia,rufa,Aplodontia rufa,,630,1.5472,5.57,38,,McNab (1979b),L,T,M,FOSS,N,N,N,Aplodontia rufa,
Rodentia,Sciuridae,Glaucomys,volans,Glaucomys volans,,61.5,0.3611,1.3,,Not measured,Stapp (1992),S,T,M,TR,N,N,N,Glaucomys volans,
Rodentia,Sciuridae,Tamiasciurus,hudsonicus,Tamiasciurus hudsonicus,,224,1.3611,4.9,,Not measured,Pauls (1981),S,T,M,TR,N,N,N,Tamiasciurus hudsonicus,
Rodentia,Sciuridae,Sciurus,aberti,Sciurus aberti,,624,2.4028,8.65,38.6,Field inactive Tb used.,Golightly and Ohmart (1978),S,T,M,TR,N,N,N,,"It is unclear where to map Sciurus aberti as there are many Sciurus, but no obvious nearest relation."
Rodentia,Sciuridae,Tamias,alpinus,Tamias alpinus,,39.1,0.3222,1.16,,Not reported,Heller and Gates (1971),F/S,T,M,T,Y,N,N,Tamias alpinus,
Rodentia,Sciuridae,Tamias,minimus,Tamias minimus,,46.6,0.4278,1.54,37,Tb was usually maintained between 36 and 38C.,Jones and Wang (1976),F/S,T,M,T,Y,N,N,Tamias minimus,
Rodentia,Sciuridae,Tamias,amoenus,Tamias amoenus,,57.3,0.5389,1.94,37,Tb was usually maintained between 36 and 38C.,Jones and Wang (1976),F/S,T,X,T,Y,N,N,Tamias amoenus,
Rodentia,Sciuridae,Funisciurus,isabella,Funisciurus isabella,,60,0.5694,2.05,,,Hildwein (1972),F,TR,M,T/TR,N,N,N,Funisciurus isabella,
Rodentia,Sciuridae,Tamias,palmeri,Tamias palmeri,,69.4,0.6306,2.27,,Not measured,Yousef et al. (1974),F/S,T,X,T,Y?,N,N,Tamias palmeri,
Rodentia,Sciuridae,Tamias,speciosus,Tamias speciosus,,70.7,0.5833,2.1,,Not reported,Heller and Gates (1971),F/S,T,M,T,Y,N,N,Tamias speciosus,
Rodentia,Sciuridae,Tamias,merriami,Tamias merriami,,75,0.4389,1.58,37,,Wunder (1970),F/S,T,X,T,Y,N,N,Tamias merriami,
Rodentia,Sciuridae,Tamias,striatus,Tamias striatus,,87.4,0.5028,1.81,38.2,Estimated from plot.,Wang and Hudson (1971),F/S,T,M,T,Y,N,N,Tamias striatus,
Rodentia,Sciuridae,Funisciurus,lemniscatus,Funisciurus lemniscatus,,95,0.5000,1.8,,,Hildwein (1972),O,TR,M,T,N,N,N,Funisciurus lemniscatus,
Rodentia,Sciuridae,Ammospermophilus,leucurus,Ammospermophilus leucurus,,96,0.5528,1.99,36.6,Estimated from plot for inactive animals at 30 (Tl).,Hudson (1962),S,T,D,T,N,N,N,Ammospermophilus leucurus,
Rodentia,Sciuridae,Funisciurus,congicus,Funisciurus congicus,,112.3,0.5444,1.96,39.75,,Viljoen (1985),F/S,TR,M,T/TR,N,N,N,Funisciurus congicus,
Rodentia,Sciuridae,Spermophilus,tereticaudus,Spermophilus tereticaudus,,167.2,0.5222,1.88,36.3,,Hudson et al. (1972),O,T,D,T,HIB,N,N,Spermophilus tereticaudus,
Rodentia,Sciuridae,Spermophilus,spilosoma,Spermophilus spilosoma,,174.5,0.5139,1.85,36.0047619048,,Hudson et al. (1972),O,T,D,T,HIB,N,N,Spermophilus spilosoma,
Rodentia,Sciuridae,Spermophilus,tridecemlineatus,Spermophilus tridecemlineatus,,182.3,0.5778,2.08,35.7,,Hudson et al. (1972),O,T,X,T,HIB,N,N,Spermophilus tridecemlineatus,
Rodentia,Sciuridae,Paraxerus,cepapi,Paraxerus cepapi,,223.6,0.8111,2.92,39.45,,Viljoen (1985),F/S,T/TR,X,T/TR,N,N,N,Paraxerus cepapi,
Rodentia,Sciuridae,Spermophilus,townsendii,Spermophilus townsendii,,229.4,0.5833,2.1,35.3208333333,,Hudson et al. (1972),O,T,D,T,HIB,N,N,Spermophilus townsendii,
Rodentia,Sciuridae,Heliosciurus,rufobrachium,Heliosciurus rufobrachium,,230,0.7444,2.68,,,Hildwein (1972),F,TR,M,T/TR,N,N,N,Heliosciurus rufobrachium,
Rodentia,Sciuridae,Spermophilus,mohavensis,Spermophilus mohavensis,,239.5,0.6222,2.24,37,,Hudson et al. (1972),O,T,D,T,HIB,N,N,Spermophilus mohavensis,
Rodentia,Sciuridae,Funisciurus,pyrropus,Funisciurus pyrropus,,244,1.0111,3.64,,,Hildwein (1972),F/S,TR,M,T/TR,N,N,N,Funisciurus pyrropus,
Rodentia,Sciuridae,Spermophilus,saturatus,Spermophilus saturatus,,252.2,0.9000,3.24,,Not measured,Kenagy and Vleck (1982),F/S,T,M,T,HIB,N,N,Spermophilus saturatus,
Rodentia,Sciuridae,Spermophilus,lateralis,Spermophilus lateralis,,270.1666666667,0.7267,2.616,35.5666666667,,Hudson et al. (1972),O,T,X,T,HIB,N,N,Spermophilus lateralis,
Rodentia,Sciuridae,Spermophilus,richardsonii,Spermophilus richardsonii,,274.5,0.7361,2.65,35.4297297297,,Hudson et al. (1972),O,T,X,T,HIB,N,N,Spermophilus richardsonii,
Rodentia,Sciuridae,Spermophilus,beldingi,Spermophilus beldingi,,302.7,0.7056,2.54,35.025,,Hudson et al. (1972),O,T,X,T,HIB,N,N,Spermophilus beldingi,
Rodentia,Sciuridae,Spermophilus,armatus,Spermophilus armatus,,319.9,0.8139,2.93,35.55,,Hudson et al. (1972),O,T,X,T,HIB,N,N,Spermophilus armatus,
Rodentia,Sciuridae,Paraxerus,palliatus,Paraxerus palliatus,,366.6,1.4722,5.3,39.85,,Viljoen (1985),F/S,T/TR,M,T/TR,N,N,N,Paraxerus palliatus,
Rodentia,Sciuridae,Epixerus,ebii,Epixerus ebii,,460,1.3472,4.85,,,Hildwein (1972),F/S,TR,M,T,N,N,N,Epixerus ebii,
Rodentia,Sciuridae,Xerus,inauris,Xerus inauris,,515.3,1.7306,6.23,34.8,,Haim et al. (1987),O,T,X,T,N,N,N,Xerus inauris,
Rodentia,Sciuridae,Spermophilus,beecheyi,Spermophilus beecheyi,,599.6,1.7722,6.38,37.6,,Baudinette (1972),O,T,M,T,HIB,N,N,Spermophilus beecheyi,
Rodentia,Sciuridae,Xerus,princeps,Xerus princeps,,627,1.9750,7.11,36.1,,Haim et al. (1987),O,T,X,T,N,N,N,Xerus princeps,
Rodentia,Sciuridae,Spermophilus,undulatus,Spermophilus undulatus,,680,3.2806,11.81,38,,Casey et al. (1979),O,P,M,T,HIB,N,N,Spermophilus undulatus,
Rodentia,Sciuridae,Cynomys,ludovicianus,Cynomys ludovicianus,,1112.3,2.3583,8.49,36.7,,Reinking et al. (1977),G,T,X,T,Y,N,N,Cynomys ludovicianus,
Rodentia,Sciuridae,Marmota,monax,Marmota monax,,2650,3.6944,13.3,,,Benedict (1938),G,T,M,T,HIB,N,N,Marmota monax,
Rodentia,Sciuridae,Marmota,flaviventris,Marmota flaviventris,,4294,8.6250,31.05,36.5,,Reinking et al. (1977),G,T,M,T,HIB,N,N,Marmota flaviventris,
Rodentia,Gliridae,Graphiurus,ocularis,Graphiurus ocularis,,67.8,0.3694,1.33,34.5,Estimated from plot at 25C.,Perrin and Ridgard (1999),O,T,M,TR,Y,N,N,Graphiurus ocularis,
Rodentia,Castoridae,Castor,canadensis,Castor canadensis,,15270,25.9583,93.45,37.1,,MacArthur (1989),B,T,FW,AQ,N,N,N,Castor canadensis,
Rodentia,Heteromyidae,Microdipodops,megacephalus,Microdipodops megacephalus,,11,0.1694,0.61,32.8,,Hinds and MacMillen (1985),S,T,D,T,HIB,N,N,Microdipodops megacephalus,
Rodentia,Heteromyidae,Microdipodops,pallidus,Microdipodops pallidus,,15.2,0.1111,0.4,39.3,Estimated from plot at 34.5-35.5.,Bartholomew and MacMillen (1961),S,T,D,T,HIB,N,N,Microdipodops pallidus,
Rodentia,Heteromyidae,Dipodomys,nitratoides,Dipodomys nitratoides,,37.8,0.2583,0.93,,Not measured,Hinds and Rice-Warner (1992),S,T,X,T,N,N,N,Dipodomys nitratoides,
Rodentia,Heteromyidae,Dipodomys,merriami,Dipodomys merriami,,38.3,0.2417,0.87,37,,Carpenter (1966),S,T,D,T,N,N,N,Dipodomys merriami,
Rodentia,Heteromyidae,Dipodomys,ordii,Dipodomys ordii,,48.8,0.3556,1.28,,Not measured,Kenagy and Vleck (1982),S,T,X/D,T,N,N,N,Dipodomys ordii,
Rodentia,Heteromyidae,Dipodomys,microps,Dipodomys microps,,57.2,0.3722,1.34,35,Inactive but awake (Tb ranges from 34 to 36).,Breyen et al. (1973),L,T,X,T,N,N,N,Dipodomys microps,
Rodentia,Heteromyidae,Dipodomys,agilis,Dipodomys agilis,,60.6,0.3556,1.28,37,,Carpenter (1966),S,T,X,T,N,N,N,Dipodomys agilis,
Rodentia,Heteromyidae,Dipodomys,heermanni,Dipodomys heermanni,,63.3,0.4083,1.47,,Not measured,Hinds and Rice-Warner (1992),S,T,X,T,N,N,N,Dipodomys heermanni,
Rodentia,Heteromyidae,Dipodomys,panamintinus,Dipodomys panamintinus,,64.2,0.4167,1.5,33.9,,Hinds and MacMillen (1985),S,T,X,T,N,N,N,Dipodomys panamintinus,
Rodentia,Heteromyidae,Dipodomys,deserti,Dipodomys deserti,,106,0.5139,1.85,36.8,,McNab (1979a),S,T,D,T,N,N,N,Dipodomys deserti,
Rodentia,Heteromyidae,Liomys,salvini,Liomys salvini,,43.8,0.2611,0.94,37.09,,Hudson and Rummel (1966),S,T/TR,X,T,N?,N,N,Liomys salvini,
Rodentia,Heteromyidae,Liomys,irroratus,Liomys irroratus,,48.1,0.3000,1.08,36.63,,Hudson and Rummel (1966),S,TR,X,T,N?,N,N,Liomys irroratus,
Rodentia,Heteromyidae,Heteromys,anomalus,Heteromys anomalus,,69.3,0.5611,2.02,36,,McNab (1979a),L/S,TR,M,T,N,N,N,Heteromys anomalus,
Rodentia,Heteromyidae,Heteromys,desmarestianus,Heteromys desmarestianus,,75.8,0.5528,1.99,33.8,,Hinds and MacMillen (1985),L/S,TR,M,T,N,N,N,Heteromys desmarestianus,
Rodentia,Heteromyidae,Perognathus,flavus,Perognathus flavus,,8.3,0.0972,0.35,34.6,,Hinds and MacMillen (1985),S,T,X/D,T,Y,N,N,Perognathus flavus,
Rodentia,Heteromyidae,Perognathus,longimembris,Perognathus longimembris,Perognathus longicaudatus,8.9,0.0528,0.19,34.68,,Chew et al. (1967),S,T,D,T,Y,N,N,Perognathus longimembris,
Rodentia,Heteromyidae,Chaetodipus,intermedius,Chaetodipus intermedius,,14.6,0.0861,0.31,35.1,,Bradley et al. (1975b),S,T,D,T,Y?,N,N,Chaetodipus intermedius,
Rodentia,Heteromyidae,Chaetodipus,penicillatus,Chaetodipus penicillatus,,16,0.1250,0.45,,Not reported,Brower and Cade (1966),S,T,D,T,Y?,N,N,Chaetodipus penicillatus,
Rodentia,Heteromyidae,Chaetodipus,fallax,Chaetodipus fallax,,19.6,0.1500,0.54,32.6,,Hinds and MacMillen (1985),S,T,X,T,Y,N,N,Chaetodipus fallax,
Rodentia,Heteromyidae,Chaetodipus,californicus,Chaetodipus californicus,,22,0.1194,0.43,,,Tucker (1965),S,T,X,T,Y,N,N,Chaetodipus californicus,
Rodentia,Heteromyidae,Chaetodipus,baileyi,Chaetodipus baileyi,,29.1,0.1944,0.7,32.5,,Hinds and MacMillen (1985),S,T,D,T,Y,N,N,Chaetodipus baileyi,
Rodentia,Heteromyidae,Chaetodipus,hispidus,Chaetodipus hispidus,,39.5,0.2750,0.99,35.5,Normothermic Tb is 34.5-36.5.,Wang and Hudson (1970),S,T,X,T,Y,N,N,Chaetodipus hispidus,
Rodentia,Geomyidae,Thomomys,umbrinus,Thomomys umbrinus,,85,0.4028,1.45,34.6,,Bradley et al. (1975),B,T,M,FOSS,N,N,N,Thomomys umbrinus,
Rodentia,Geomyidae,Thomomys,talpoides,Thomomys talpoides,,106,0.6083,2.19,35.5,,Bradley et al. (1975),B,T,M,FOSS,N,N,N,Thomomys talpoides,
Rodentia,Geomyidae,Thomomys,bottae,Thomomys bottae,,143,0.6694,2.41,36,,Vleck (1979),B,T,M/X,FOSS,N,N,N,Thomomys bottae,
Rodentia,Geomyidae,Geomys,bursarius,Geomys bursarius,,197,0.7694,2.77,35,,Bradley and Yousef (1975),B,T,X,FOSS,N,N,N,Geomys bursarius,
Rodentia,Geomyidae,Geomys,pinetis,Geomys pinetis,,200,0.7917,2.85,36.3,,McNab (1979b),B,T,M,FOSS,N,N,N,Geomys pinetis,
Rodentia,Dipodidae,Jaculus,jaculus,Jaculus jaculus,,74.5,0.5139,1.85,37,,Hooper and Hilali (1972),S,T,D,T,HIB,N,N,Jaculus jaculus,
Rodentia,Dipodidae,Jaculus,orientalis,Jaculus orientalis,,139.1,0.7750,2.79,37,,Hooper and Hilali (1972),S,T,D,T,HIB,N,N,Jaculus orientalis,
Rodentia,Dipodidae,Napaeozapus,insignis,Napaeozapus insignis,,21.6,0.2167,0.78,37,,Brower and Cade (1966),S,T,M,T,HIB,N,N,Napaeozapus insignis,
Rodentia,Dipodidae,Zapus,hudsonius,Zapus hudsonius,,30,0.2500,0.9,,,Morrison and Ryser (1962),S,T,M,T,HIB,N,N,Zapus hudsonius,
Rodentia,Spalacidae,Cannomys,badius,Cannomys badius,,344,0.9583,3.45,36,,McNab (1979b),B,TR,M,FOSS,N,N,N,Cannomys badius,
Rodentia,Spalacidae,Spalax,ehrenbergi,Spalax ehrenbergi,,128,0.6139,2.21,,,Nevo and Shkolnik (1974),B,T,X,FOSS,N,N,N,Nannospalax ehrenbergi,Genus Change
Rodentia,Spalacidae,Spalax,leucodon,Spalax leucodon,,201,0.8306,2.99,36.6,Original citation is McNab (1966),McNab (1979b),B,T,M/X,FOSS,N,N,N,Nannospalax leucodon,Genus Change
Rodentia,Spalacidae,Tachyoryctes,splendens,Tachyoryctes splendens,,191,0.8417,3.03,35.9,Original citation is McNab (1966),McNab (1979b),B,TR,M,FOSS,N,N,N,Tachyoryctes splendens,
Rodentia,Nesomyidae,Saccostomus,campestris,Saccostomus campestris,,61.3,0.2861,1.03,35.8,,Haim et al. (1991),F/S,T,X,T,Y,N,N,Saccostomus campestris,
Rodentia,Nesomyidae,Cricetomys,gambianus,Cricetomys gambianus,,1870.9,6.3667,22.92,35.6,,Knight (1988),F/S,T/TR,M,T,N,N,N,Cricetomys gambianus,
Rodentia,Nesomyidae,Malacothrix,typica,Malacothrix typica,,21.7,0.1139,0.41,,Not measured. Technical difficulties involving insertion of rectal thermocouple.,Knight and Skinner (1981),S,T,D,T,N,N,N,Malacothrix typica,
Rodentia,Nesomyidae,Steatomys,pratensis,Steatomys pratensis,,27.5,0.2028,0.73,34.1,,Ellison (1995),S,T/TR,X,T,Y,N,N,Steatomys pratensis,
Rodentia,Nesomyidae,Mystromys,albicaudatus,Mystromys albicaudatus,,93.8,0.7056,2.54,33.8,Estimated from plot at 25C.,Downs and Perrin (1995),S,T,X,T,N?,N,N,Mystromys albicaudatus,
Rodentia,Cricetidae,Microtus,subterraneus,Microtus subterraneus,,17.8,0.2750,0.99,37.8,McNab uses A morph data.,Gebczynski and Szuma (1993),G,T,M,FOSS,N,N,N,Microtus subterraneus,
Rodentia,Cricetidae,Myodes,californicus,Myodes californicus,,18.3,0.3417,1.23,37.5,,McNab (1992b),F/S,T,M,T,N,N,N,Clethrionomys californicus,Genus Change
Rodentia,Cricetidae,Phenacomys,intermedius,Phenacomys intermedius,,21.5,0.3750,1.35,37.9,,McNab (1992b),L,T,M,T,N,N,Y,Phenacomys intermedius,
Rodentia,Cricetidae,Arborimus,pomo,Arborimus pomo,,21.8,0.3278,1.18,37.3,,McNab (1992b),L,T,M,TR,N,N,N,Arborimus pomo,
Rodentia,Cricetidae,Myodes,gapperi,Myodes gapperi,,22.8,0.2472,0.89,37.7,,McNab (1992b),F/S,T,M,T,N,N,N,Clethrionomys gapperi,Genus Change
Rodentia,Cricetidae,Microtus,pinetorum,Microtus pinetorum,,23.8,0.3111,1.12,37.6,,McNab (1992b),G,T,M,FOSS,N,N,N,Microtus pinetorum,
Rodentia,Cricetidae,Microtus,arvalis,Microtus arvalis,,24,0.3361,1.21,,Not measured,Jansky (1959),G,T,M,T,N,N,N,Microtus arvalis,
Rodentia,Cricetidae,Myodes,glareolus,Myodes glareolus,,24.6,0.3194,1.15,37.1,,Gorecki (1968),F/S,T,M,T,N,N,N,Clethrionomys glareolus,Genus Change
Rodentia,Cricetidae,Myopus,schisticolor,Myopus schisticolor,Myodes schisticolor,26.4,0.5306,1.91,39,,Saarela and Hissa (1993),B,P,M,T,N,N,N,Myopus schisticolor,
Rodentia,Cricetidae,Myodes,rufocanus,Myodes rufocanus,,27,0.3306,1.19,,,Pearson (1962),F/S,T,M,T,N,N,N,Clethrionomys rufocanus,Genus Change
Rodentia,Cricetidae,Microtus,agrestis,Microtus agrestis,,28,0.3556,1.28,37.6,,McDevitt and Speakman (1996),G,T,M,T,N,N,N,Microtus agrestis,
Rodentia,Cricetidae,Myodes,rutilus,Myodes rutilus,,28,0.4306,1.55,,Not reported,Rosenmann et al. (1975),F/S,P,M,T,N,N,N,Clethrionomys rutilus,Genus Change
Rodentia,Cricetidae,Microtus,mexicanus,Microtus mexicanus,,28.8,0.2611,0.94,,,Bradley (1976),G,T,X,T,N,N,N,Microtus mexicanus,
Rodentia,Cricetidae,Microtus,longicaudus,Microtus longicaudus,,30.2,0.3472,1.25,38,,McNab (1992b),G,T,X,T,N,N,N,Microtus longicaudus,
Rodentia,Cricetidae,Lemmiscus,curtatus,Lemmiscus curtatus,,30.3,0.2806,1.01,37.1,,McNab (1992b),G,T,X,T,N,N,N,Lemmiscus curtatus,
Rodentia,Cricetidae,Microtus,oeconomus,Microtus oeconomus,,35.4,0.5611,2.02,38,,McNab (1992b),G,P,M,T,N,N,N,Microtus oeconomus,
Rodentia,Cricetidae,Chionomys,nivalis,Chionomys nivalis,,37.5,0.6556,2.36,38.1,,Bienkowski and Marszalek (1974),L,T,M,T,N,N,Y,Chionomys nivalis,
Rodentia,Cricetidae,Microtus,pennsylvanicus,Microtus pennsylvanicus,,38.9,0.4194,1.51,,,Bradley (1976),G,T,M,T,N,N,N,Microtus pennsylvanicus,
Rodentia,Cricetidae,Lasiopodomys,brandtii,Lasiopodomys brandtii,Microtus brandtii,40.3,0.4306,1.55,,Not measured,Weiner and Gorecki (1981),L,T,X,T,N,N,Y,Lasiopodomys brandtii,
Rodentia,Cricetidae,Microtus,cabrerae,Microtus cabrerae,,43,0.2722,0.98,37.3,,Mathias et al. (2003),G,T,X,T,N,N,N,Microtus cabrerae,
Rodentia,Cricetidae,Microtus,guentheri,Microtus guentheri,,43.8,0.4472,1.61,37.2,Original reference is Banin (1990),Haim and Izhaki (1995),L,T,M,T,N,N,N,Microtus guentheri,
Rodentia,Cricetidae,Lemmus,trimucronatus,Lemmus trimucronatus,,44,0.3917,1.41,38.3,,McNab (1992b),G,P,M,T,N,N,N,,"Lemmus trimucronatus was once classified with L. sibiricus, but there now exists significant evidence to classify them seperately."
Rodentia,Cricetidae,Microtus,californicus,Microtus californicus,,44,0.3806,1.37,,,Bradley (1976),G,T,M,T,N,N,N,Microtus californicus,
Rodentia,Cricetidae,Microtus,ochrogaster,Microtus ochrogaster,,47.4,0.4611,1.66,37.8,McNab uses summer field at 27.5.,Wunder et al. (1977),G,T,X,T,N,N,N,Microtus ochrogaster,
Rodentia,Cricetidae,Microtus,montanus,Microtus montanus,,51.2,0.5000,1.8,38,,McNab (1992b),G,T,M,T,N,N,Y,Microtus montanus,
Rodentia,Cricetidae,Microtus,townsendii,Microtus townsendii,,52.2,0.5028,1.81,,Not measured,Kenagy and Vleck (1982),G,T,M,T,N,N,N,Microtus townsendii,
Rodentia,Cricetidae,Alticola,argentatus,Alticola argentatus,,52.9,0.7083,2.55,,Not measured,Weiner and Gorecki (1981),L,T,M,T,N,N,Y,Alticola argentatus,
Rodentia,Cricetidae,Microtus,breweri,Microtus breweri,,53.1,0.4111,1.48,37.3,,Kurta and Ferkin (1991),L,T,M,T,N,Y,N,Microtus breweri,
Rodentia,Cricetidae,Dicrostonyx,groenlandicus,Dicrostonyx groenlandicus,,62.3,0.5861,2.11,38.2,,McNab (1992b),L,P,M,T,N,N,N,Dicrostonyx groenlandicus,
Rodentia,Cricetidae,Microtus,xanthognathus,Microtus xanthognathus,,68.5,0.5500,1.98,38,,McNab (1992b),G,P,M,T,N,N,N,Microtus xanthognathus,
Rodentia,Cricetidae,Microtus,richardsoni,Microtus richardsoni,,80,0.9639,3.47,38.7,,McNab (1992b),G,T,M,AQ,N,N,N,Microtus richardsoni,
Rodentia,Cricetidae,Arvicola,amphibius,Arvicola amphibius,,97.5,0.6306,2.27,37.5,,Drozdz et al. (1971),G,T,M,T,N,N,N,Arvicola terrestris,Synonymous. Debate over Priority.
Rodentia,Cricetidae,Neofiber,alleni,Neofiber alleni,,258.1,1.2083,4.35,37.1,,McNab (1992b),L,T,M,AQ,N,N,N,Neofiber alleni,
Rodentia,Cricetidae,Ondatra,zibethicus,Ondatra zibethicus,,1004.6,3.5861,12.91,37.4,,McNab (1992b),L,T,M,AQ,N,N,N,Ondatra zibethicus,
Rodentia,Cricetidae,Phodopus,campbelli,Phodopus campbelli,,24,0.2194,0.79,35.7,McNab uses winter data.,Weiner and Heldmaier (1987),S,T,X,T,Y,N,N,Phodopus campbelli,
Rodentia,Cricetidae,Phodopus,sungorus,Phodopus sungorus,,27.4,0.4306,1.55,36.5,McNab uses winter data.,Weiner and Heldmaier (1987),S,T,X,T,Y,N,N,Phodopus sungorus,
Rodentia,Cricetidae,Cricetulus,migratorius,Cricetulus migratorius,,30.7,0.2444,0.88,38.1,,Haim and Izhaki (1993),S,T,X,T,HIB,N,N,Cricetulus migratorius,
Rodentia,Cricetidae,Mesocricetus,auratus,Mesocricetus auratus,,119.3,0.5722,2.06,36.4,,Tegowska and Gebczynski (1975),O,T,X,T,HIB,N,N,Mesocricetus auratus,
Rodentia,Cricetidae,Cricetus,cricetus,Cricetus cricetus,,362,1.2917,4.65,,Not measured,Gorecki and Wolek (1975),S,T,M,T,HIB,N,N,Cricetus cricetus,
Rodentia,Cricetidae,Baiomys,taylori,Baiomys taylori,,7.3,0.0806,0.29,36,Estimated from plot.,Hudson (1965),I,T,X,TR,Y,N,N,Baiomys taylori,
Rodentia,Cricetidae,Reithrodontomys,megalotis,Reithrodontomys megalotis,,7.6,0.1111,0.4,,,Thompson (1985),L/S,T,M,T,Y,N,N,Reithrodontomys megalotis,
Rodentia,Cricetidae,Peromyscus,polionotus,Peromyscus polionotus,,12,0.1194,0.43,,Not reported,Glenn (1970),O,T,M,T,Y?,N,N,Peromyscus polionotus,
Rodentia,Cricetidae,Scotinomys,teguina,Scotinomys teguina,,12,0.1750,0.63,37.9,Tb at 30C,Hill and Hooper (1971),I,TR,M,T,N,N,Y,Scotinomys teguina,
Rodentia,Cricetidae,Scotinomys,xerampelinus,Scotinomys xerampelinus,,15.2,0.1778,0.64,36.5,Tb at 30C,Hill and Hooper (1971),I,TR,M,T,N,N,Y,Scotinomys xerampelinus,
Rodentia,Cricetidae,Peromyscus,maniculatus,Peromyscus maniculatus,,19.1,0.2167,0.78,36.8,1+ activity in P.m. gambeli,McNab and Morrison (1963),O,T,W,T,Y,N,N,Peromyscus maniculatus,
Rodentia,Cricetidae,Onychomys,torridus,Onychomys torridus,,19.1,0.1639,0.59,,,Whitford and Conley (1971),I,T,D,T,N?,N,N,Onychomys torridus,
Rodentia,Cricetidae,Ochrotomys,nuttalli,Ochrotomys nuttalli,,19.5,0.1500,0.54,,,Layne and Dolan (1975),O,T,M,T,?,N,N,Ochrotomys nuttalli,
Rodentia,Cricetidae,Peromyscus,crinitus,Peromyscus crinitus,,20.9,0.1722,0.62,,Not reported for P.c. pergracilis.,McNab and Morrison (1963),O,T,X/D,T,Y?,N,N,Peromyscus crinitus,
Rodentia,Cricetidae,Peromyscus,leucopus,Peromyscus leucopus,,21.2,0.1972,0.71,36.7,,Deavers and Hudson (1981),O,T,M,T,Y,N,N,Peromyscus leucopus,
Rodentia,Cricetidae,Peromyscus,gossypinus,Peromyscus gossypinus,,21.5,0.2056,0.74,,Not reported,Glenn (1970),O,T,M,T,Y?,N,N,Peromyscus gossypinus,
Rodentia,Cricetidae,Peromyscus,eremicus,Peromyscus eremicus,,21.5,0.1806,0.65,36.6,,McNab and Morrison (1963),O,T,D,T,Y,N,N,Peromyscus eremicus,
Rodentia,Cricetidae,Peromyscus,boylii,Peromyscus boylii,,23.2,0.3028,1.09,,Not measured,Mazen and Rudd (1980),O,T,X,T,Y?,N,N,Peromyscus boylii,
Rodentia,Cricetidae,Peromyscus,oreas,Peromyscus oreas,,24.6,0.2417,0.87,36.2,,Hayward (1965),O,T,M,T,?,N,N,Peromyscus oreas,
Rodentia,Cricetidae,Peromyscus,sitkensis,Peromyscus sitkensis,,28.3,0.2611,0.94,36,,Hayward (1965),O,T,M,T,?,N,N,Peromyscus sitkensis,
Rodentia,Cricetidae,Podomys,floridanus,Podomys floridanus,,30.8,0.2889,1.04,,Not reported,Glenn (1970),O,T,M,T,?,N,N,Podomys floridanus,
Rodentia,Cricetidae,Peromyscus,truei,Peromyscus truei,,33.2,0.3472,1.25,36.7,P.t. truei,McNab and Morrison (1963),O,T,M,T,?,N,N,Peromyscus truei,
Rodentia,Cricetidae,Peromyscus,californicus,Peromyscus californicus,,49.6,0.3250,1.17,36.4,P.c. parsiticus,McNab and Morrison (1963),O,T,M,T,Y,N,N,Peromyscus californicus,
Rodentia,Cricetidae,Peromyscus,megalops,Peromyscus megalops,,66.2,0.5056,1.82,,,Musser and Shoemaker (1965),O,TR,M,T,?,N,N,Peromyscus megalops,
Rodentia,Cricetidae,Megadontomys,thomasi,Megadontomys thomasi,,110.8,0.6917,2.49,,,Musser and Shoemaker (1965),O,TR,M,T,?,N,N,Megadontomys thomasi,
Rodentia,Cricetidae,Isthmomys,pirrensis,Isthmomys pirrensis,,137.9,0.6778,2.44,37.6,,Hill (1976),O,TR,M,T,N,N,N,Isthmomys pirrensis,
Rodentia,Cricetidae,Neotoma,lepida,Neotoma lepida,,138.5,0.5556,2,36.8,McNab uses desert N. Lepida.,Lee (1963),L,T,D,T,N,N,N,Neotoma lepida,
Rodentia,Cricetidae,Neotoma,fuscipes,Neotoma fuscipes,,186.7,0.8222,2.96,36.6,,Lee (1963),L,T,M,T,N,N,N,Neotoma fuscipes,
Rodentia,Cricetidae,Neotoma,albigula,Neotoma albigula,,193.6,0.7889,2.84,,,Brown (1968),L,T,D,T,N,N,N,Neotoma albigula,
Rodentia,Cricetidae,Neotoma,cinerea,Neotoma cinerea,,320.9,1.3972,5.03,,,Brown (1968),L,T,M,T,N,N,N,Neotoma cinerea,
Rodentia,Cricetidae,Calomys,lepidus,Calomys lepidus,,16,0.1611,0.58,,Not measured,Rosenmann and Morrison (1974),O,TR,M,T,N,N,Y,Calomys lepidus,
Rodentia,Cricetidae,Calomys,musculinus,Calomys musculinus,,16.9,0.1556,0.56,36.2,,Bozinovic and Rosenmann (1988),O,T,X,T,N,N,N,Calomys musculinus,
Rodentia,Cricetidae,Eligmodontia,typus,Eligmodontia typus,,17.5,0.1667,0.6,36.4,,Bozinovic and Rosenmann (1988),O,T,D,T,N,N,Y,Eligmodontia typus,
Rodentia,Cricetidae,Akodon,azarae,Akodon azarae,,23.5,0.2222,0.8,37.7,Tb at 26-30C,Dalby and Heath (1976),O,T/TR,M,T,N,N,N,Akodon azarae,
Rodentia,Cricetidae,Abrothrix,olivaceus,Abrothrix olivaceus,,27,0.2750,0.99,37.2,,Bozinovic and Rosenmann (1988),O,T,X,T,N,N,N,Akodon olivaceus,Genus Change
Rodentia,Cricetidae,Oligoryzomys,longicaudatus,Oligoryzomys longicaudatus,,28.2,0.2861,1.03,37.3,,Bozinovic and Rosenmann (1988),F/S,T,X,T,N,N,N,Oligoryzomys longicaudatus,
Rodentia,Cricetidae,Abrothrix,andinus,Abrothrix andinus,,34.6,0.3611,1.3,37.7,,Bozinovic and Rosenmann (1988),O,T,M,T,N,N,Y,Chroeomys andinus,Genus Change
Rodentia,Cricetidae,Phyllotis,xanthopygus,Phyllotis xanthopygus,Phyllotis rupestris,36.4,0.3111,1.12,,,Rezende et al. (2001),F/S,T,M,T,N,N,Y,Phyllotis xanthopygus,
Rodentia,Cricetidae,Abrothrix,longipilis,Abrothrix longipilis,,42.3,0.3222,1.16,37.4,,Bozinovic and Rosenmann (1988),O,T,X,T,N,N,N,Akodon longipilis,Genus Change
Rodentia,Cricetidae,Calomys,callosus,Calomys callosus,,48,0.3972,1.43,,Not measured,Rosenmann and Morrison (1974),O,TR,X,T,N,N,N,Calomys callosus,
Rodentia,Cricetidae,Calomys,venustus,Calomys venustus,,49.5,0.3944,1.42,37.9,,Caviedes-Vidal et al. (1990),O,T,X,T,N,N,N,,"Calomys venustus branched from C. callosus, but that species is already represented."
Rodentia,Cricetidae,Phyllotis,magister,Phyllotis magister,,50.7,0.3417,1.23,,,Rezende et al. (2001),F/S,T,X,T,N,N,N,Phyllotis magister,
Rodentia,Cricetidae,Phyllotis,darwini,Phyllotis darwini,,59,0.3972,1.43,36.2,,Bozinovic and Rosenmann (1988),F/S,T,X,T,N,N,N,Phyllotis darwini,
Rodentia,Cricetidae,Chelemys,macronyx,Chelemys macronyx,,62,0.4694,1.69,,,Contreras and McNab (1990),O,T,M,FOSS,N,N,N,Chelemys macronyx,
Rodentia,Cricetidae,Loxodontomys,micropus,Loxodontomys micropus,,62.3,0.5444,1.96,37.4,,Bozinovic and Rosenmann (1988),F/S,T,M,T,N,N,N,Auliscomys micropus,Genus Change
Rodentia,Cricetidae,Euneomys,chinchilloides,Euneomys chinchilloides,,65.4,0.4694,1.69,,Not measured,Bozinovic (1992),G,T,X,T,N,N,N,Euneomys chinchilloides,
Rodentia,Cricetidae,Graomys,griseoflavus,Graomys griseoflavus,,69.4,0.4694,1.69,36.1,,Caviedes-Vidal et al. (1987),F/S,T,X,T,N,N,N,Graomys griseoflavus,
Rodentia,Cricetidae,Auliscomys,boliviensis,Auliscomys boliviensis,,76.8,0.6167,2.22,36.3,,Bozinovic and Rosenmann (1988),L/S,T,M,T,N,N,Y,Auliscomys boliviensis,
Rodentia,Cricetidae,Reithrodon,auritus,Reithrodon auritus,,78.7,0.4306,1.55,,Not measured,Bozinovic (1992),G,T,X,T,N,N,N,Reithrodon auritus,
Rodentia,Cricetidae,Oxymycterus,roberti,Oxymycterus roberti,,83.5,0.5083,1.83,38.25,,McNab (1984),I,TR,X,T,N,N,N,Oxymycterus roberti,
Rodentia,Cricetidae,Sigmodon,ochrognathus,Sigmodon ochrognathus,,115.1,0.8611,3.1,,Not measured,Bowers (1971),L,T,X,T,N,N,Y,Sigmodon ochrognathus,
Rodentia,Cricetidae,Sigmodon,leucotis,Sigmodon leucotis,,128.6,1.0389,3.74,,Not measured,Bowers (1971),F,TR,M,T,N,N,Y,Sigmodon leucotis,
Rodentia,Cricetidae,Sigmodon,hispidus,Sigmodon hispidus,,152.4,0.7056,2.54,38.1,,Scheck (1982),O,T,X,T,N,N,N,Sigmodon hispidus,
Rodentia,Cricetidae,Sigmodon,alleni,Sigmodon alleni,,155.6,1.1556,4.16,,Not measured,Bowers (1971),L,TR,M,T,N,N,N,Sigmodon alleni,
Rodentia,Cricetidae,Sigmodon,fulviventer,Sigmodon fulviventer,,166.4,1.3639,4.91,,Not measured,Bowers (1971),L,TR,M,T,N,N,Y,Sigmodon fulviventer,
Rodentia,Muridae,Acomys,spinosissimus,Acomys spinosissimus,,27,0.2444,0.88,36.4,Tb at 30C,Perrin and Downs (1994),G,T,X,T,N,N,N,Acomys spinosissimus,
Rodentia,Muridae,Acomys,subspinosus,Acomys subspinosus,,32.3,0.4667,1.68,37.1,Tb at 30C,Perrin and Downs (1994),S,T/TR,X,T,N,N,N,Acomys subspinosus,
Rodentia,Muridae,Acomys,cahirinus,Acomys cahirinus,,42,0.2583,0.93,,,Shkolnik and Borut (1969),S,T/TR,X/D,T,N,N,N,Acomys cahirinus,
Rodentia,Muridae,Acomys,russatus,Acomys russatus,,51.1,0.2278,0.82,,,Shkolnik and Borut (1969),S,T,D,T,N,N,N,Acomys russatus,
Rodentia,Muridae,Gerbillus,pusillus,Gerbillus pusillus,,12.6,0.0750,0.27,34.64,,Buffenstein and Jarvis (1985),O,TR,X,T,N,N,N,Gerbillus pusillus,
Rodentia,Muridae,Dipodillus,dasyurus,Dipodillus dasyurus,,27.6,0.1639,0.59,38.6,,Haim (1987),O,T,X,T,N,N,N,Gerbillus dasyurus,Genus Change
Rodentia,Muridae,Gerbillus,nanus,Gerbillus nanus,,28.4,0.1250,0.45,38.8,,Haim (1984),O,T,X,T,N,N,N,Gerbillus nanus,
Rodentia,Muridae,Gerbillus,gerbillus,Gerbillus gerbillus,,29.7,0.2361,0.85,,,Haim and Harari (1992),O,T,D,T,N,N,N,Gerbillus gerbillus,
Rodentia,Muridae,Gerbillurus,tytonis,Gerbillurus tytonis,,29.9,0.1778,0.64,36.9,,Downs and Perrin (1990),S,T,D,T,N,N,N,Gerbillurus tytonis,
Rodentia,Muridae,Gerbillurus,paeba,Gerbillurus paeba,,33.9,0.1944,0.7,38.7,,Downs and Perrin (1990),S,T,X/D,T,N,N,N,Gerbillurus paeba,
Rodentia,Muridae,Gerbillus,andersoni,Gerbillus andersoni,,35.3,0.2167,0.78,37.3,Tb is 36.3-38.3 at thermoneutrality.,Haim (1984),O,T,X,T,N,N,N,Gerbillus andersoni,
Rodentia,Muridae,Gerbillurus,vallinus,Gerbillurus vallinus,,38.8,0.1944,0.7,37.4,,Downs and Perrin (1990),S,T,D,T,N,N,N,Gerbillurus vallinus,
Rodentia,Muridae,Gerbillurus,setzeri,Gerbillurus setzeri,,46.1,0.2056,0.74,37.6,,Downs and Perrin (1990),S,T,D,T,N,N,N,Gerbillurus setzeri,
Rodentia,Muridae,Gerbillus,pyramidum,Gerbillus pyramidum,,53,0.2944,1.06,,,Haim and Harari (1992),O,T,D,T,N,N,N,Gerbillus pyramidum,
Rodentia,Muridae,Gerbillus,perpallidus,Gerbillus perpallidus,,55.3,0.2833,1.02,,,Müller (1985),O,T,D,T,N,N,N,Gerbillus perpallidus,
Rodentia,Muridae,Sekeetamys,calurus,Sekeetamys calurus,,59.5,0.2556,0.92,,,Haim and Borut (1986),O,T,X,T,N,N,N,Sekeetamys calurus,
Rodentia,Muridae,Meriones,unguiculatus,Meriones unguiculatus,,66.9,0.4306,1.55,,Not measured,Weiner and Gorecki (1981),O,T,X,T,N,N,N,Meriones unguiculatus,
Rodentia,Muridae,Desmodillus,auricularis,Desmodillus auricularis,,71.9,0.4889,1.76,35.86,,Downs and Perrin (1994),S,T,D,T,N,N,N,Desmodillus auricularis,
Rodentia,Muridae,Meriones,hurrianae,Meriones hurrianae,,72.3,0.2972,1.07,,Not measured,Goyal et al. (1981),O,T,X,T,N,N,N,Meriones hurrianae,
Rodentia,Muridae,Tatera,indica,Tatera indica,,86.8,0.4222,1.52,,Not measured,Goyal et al. (1981),O,T/TR,X,T,N,N,N,Tatera indica,
Rodentia,Muridae,Gerbilliscus,afra,Gerbilliscus afra,,106.5,1.0167,3.66,35.8,Estimated from plot at 25C.,Duxbury and Perrin (1992),O,T,X,T,N,N,N,Tatera afra,Genus Change
Rodentia,Muridae,Meriones,tristrami,Meriones tristrami,,112,0.5500,1.98,36.5,,Haim and Izhaki (1993),O,T,X,T,N,N,N,Meriones tristrami,
Rodentia,Muridae,Gerbilliscus,leucogaster,Gerbilliscus leucogaster,,157.6,0.7389,2.66,35.08,,Downs and Perrin (1994),O,T,X,T,N,N,N,Tatera leucogaster,Genus Change
Rodentia,Muridae,Micromys,minutus,Micromys minutus,,7.4,0.1194,0.43,,Not measured,Grodzinski et al. (1988),O,T,M,T,N,N,N,Micromys minutus,
Rodentia,Muridae,Mus,minutoides,Mus minutoides,,8.3,0.1222,0.44,,,Webb and Skinner (1995),O,T,M,T,N,N,N,Mus minutoides,
Rodentia,Muridae,Pseudomys,hermannsburgensis,Pseudomys hermannsburgensis,,12.2,0.1306,0.47,37.75,Tb is between 37.5 to 38 up to Tl.,MacMillen et al. (1972),O,T,D,T,N,N,N,Pseudomys hermannsburgensis,
Rodentia,Muridae,Apodemus,witherbyi,Apodemus witherbyi,,20.5,0.2778,1,37,,Haim and Izhaki (1995),O,T,M,T,N,N,N,Apodemus hermonensis,Name Change
Rodentia,Muridae,Mus,spretus,Mus spretus,,21.8,0.3444,1.24,,,Gorecki et al. (1990),O,T,M,T,N,N,N,Mus spretus,
Rodentia,Muridae,Apodemus,sylvaticus,Apodemus sylvaticus,,23.9,0.2417,0.87,36.7,These points appear to be identical.,Haim and Izhaki (1993),O,T,M,T,N,N,N,Apodemus sylvaticus,
Rodentia,Muridae,Apodemus,flavicollis,Apodemus flavicollis,,,,,,These points appear to be identical.,Haim and Izhaki (1995),O,T,M,T,N,N,N,Apodemus flavicollis,
Rodentia,Muridae,Notomys,alexis,Notomys alexis,,32.3,0.2528,0.91,38,,MacMillen and Lee (1970),O,T,D,T,N,N,N,Notomys alexis,
Rodentia,Muridae,Notomys,cervinus,Notomys cervinus,,34.2,0.2333,0.84,38.45,,MacMillen and Lee (1970),O,T,D,T,N,N,N,Notomys cervinus,
Rodentia,Muridae,Rhabdomys,pumilio,Rhabdomys pumilio,,39.6,0.1778,0.64,37.6,Estimated from plot at 32C.,Haim and Fourie (1980),L/S,T/TR,X,T,N,N,N,Rhabdomys pumilio,
Rodentia,Muridae,Apodemus,mystacinus,Apodemus mystacinus,,40.4,0.3139,1.13,35.5,,Haim and Izhaki (1995),O,T,M,T,N,N,N,Apodemus mystacinus,
Rodentia,Muridae,Mastomys,natalensis,Mastomys natalensis,,41.5,0.1833,0.66,37.7,Estimated from plot at 32C.,Haim and Fourie (1980),L/S,T/TR,M,T,N,N,N,Mastomys natalensis,
Rodentia,Muridae,Lemniscomys,griselda,Lemniscomys griselda,,47.5,0.3194,1.15,36.88,,Haim (1981),L/S,T,X,T,N,N,N,Lemniscomys griselda,
Rodentia,Muridae,Golunda,ellioti,Golunda ellioti,,56.2,0.3389,1.22,,Not measured,Goyal et al. (1981),L/S,T,X,T,N,N,N,Golunda ellioti,
Rodentia,Muridae,Micaelamys,namaquensis,Micaelamys namaquensis,,66.3,0.2917,1.05,35.8,McNab uses summer day.,Lovegrove et al. (1991),F/S,T/TR,X,T,N,N,N,Aethomys namaquensis,Genus Change
Rodentia,Muridae,Millardia,meltada,Millardia meltada,,67.4,0.3278,1.18,,Not measured,Goyal et al. (1981),S,T,X,T,N,N,N,Millardia meltada,
Rodentia,Muridae,Rattus,fuscipes,Rattus fuscipes,,76,0.4694,1.69,37.45,,Collins (1973b),O,T,M,T,N,N,N,Rattus fuscipes,
Rodentia,Muridae,Pseudomys,gracilicaudatus,Pseudomys gracilicaudatus,,79.8,0.4667,1.68,37.4,,Dawson and Dawson (1982),O,TR,M,T,N,N,N,Pseudomys gracilicaudatus,
Rodentia,Muridae,Stochomys,longicaudatus,Stochomys longicaudatus,,105,0.4194,1.51,,,Hildwein (1972),F/S,TR,M,T,N,N,N,Stochomys longicaudatus,
Rodentia,Muridae,Rattus,lutreolus,Rattus lutreolus,,109,0.3528,1.27,36.7,,Collins (1973a),L/S,T,M,T,N,N,N,Rattus lutreolus,
Rodentia,Muridae,Otomys,irroratus,Otomys irroratus,Myotomys irroratus,111.6,0.5167,1.86,37.6,,Haim and Fairall (1986),G,T,X,T,N,N,N,Otomys irroratus,
Rodentia,Muridae,Myotomys,sloggetti,Myotomys sloggetti,,113.3,0.7472,2.69,37.46,,Richter et al. (1997),G,T,M,T,N,N,Y,Otomys sloggetti,Genus Change
Rodentia,Muridae,Thallomys,paedulcus,Thallomys paedulcus,,124.7,0.3833,1.38,36.12,McNab uses summer day.,Lovegrove et al. (1991),L/S,T/TR,X,TR,N,N,N,Thallomys paedulcus,
Rodentia,Muridae,Rattus,rattus,Rattus rattus,,132,0.9361,3.37,38,,Collins and Bradshaw (1973),O,W,M,T,N,N,N,Rattus rattus,
Rodentia,Muridae,Rattus,colletti,Rattus colletti,,165.7,0.6833,2.46,36.2,,Hinds et al. (1993),L/S,TR,M,T,N,N,N,Rattus colletti,
Rodentia,Muridae,Rattus,sordidus,Rattus sordidus,Rattus sordidus???,187,0.5944,2.14,35.9,,Collins and Bradshaw (1973),S,TR,M,T,N,N,N,Rattus sordidus,
Rodentia,Muridae,Conilurus,penicillatus,Conilurus penicillatus,,212.3,0.9028,3.25,35.9,,Hinds et al. (1993),S,TR,M,T/TR,N,N,N,Conilurus penicillatus,
Rodentia,Muridae,Rattus,villosissimus,Rattus villosissimus,,247.8,0.8111,2.92,36,,Hinds et al. (1993),O,TR,D,T,N,N,N,Rattus villosissimus,
Rodentia,Muridae,Hydromys,chrysogaster,Hydromys chrysogaster,,750,2.4556,8.84,36.6,,Dawson and Fanning (1981),V/I,T/TR,M,AQ,N,N,N,Hydromys chrysogaster,
Rodentia,Muridae,Uromys,caudimaculatus,Uromys caudimaculatus,,819,3.1694,11.41,34.6,,Hinds et al. (1993),O,TR,M,TR,N,N,N,Uromys caudimaculatus,
Rodentia,Muridae,Parotomys,brantsii,Parotomys brantsii,,86.5,0.4694,1.69,35.1,,DuPlessis et al. (1989),G,T,X,T,N,N,N,Parotomys brantsii,
Rodentia,Muridae,Myotomys,unisulcatus,Myotomys unisulcatus,,96,0.5944,2.14,34.8,,DuPlessis et al. (1989),G,T,X,T,N,N,N,Otomys unisulcatus,Genus Change
Rodentia,Pedetidae,Pedetes,capensis,Pedetes capensis,,2300,4.4250,15.93,35.9,Tb range is 35.5-36.3.,Müller et al. (1979),S,T/TR,X,T,N,N,N,Pedetes capensis,
Rodentia,Bathyergidae,Cryptomys,darlingi,Cryptomys darlingi,,60,0.3278,1.18,33.3,,Bennett et al. (1993),B,T,X,FOSS,N,N,N,,"Cryptomys darlingi is sometimes classified as a subspecies of C. hottentotus, but that species is already represented."
Rodentia,Bathyergidae,Heliophobius,argenteocinereus,Heliophobius argenteocinereus,,88,0.4167,1.5,35.1,,McNab (1979b),B,TR,X,FOSS,N,N,N,Heliophobius argenteocinereus,
Rodentia,Bathyergidae,Cryptomys,bocagei,Cryptomys bocagei,,94,0.3889,1.4,33.7,,Bennett et al. (1994),B,T,X,FOSS,N,N,N,Cryptomys bocagei,
Rodentia,Bathyergidae,Cryptomys,hottentotus,Cryptomys hottentotus,,102,0.3889,1.4,35.8,,Haim and Fairall (1986),B,T,X,FOSS,N,N,N,Cryptomys hottentotus,
Rodentia,Bathyergidae,Cryptomys,damarensis,Cryptomys damarensis,,125,0.3972,1.43,35.2,,Lovegrove (1986a),B,T,X,FOSS,N,N,N,Cryptomys damarensis,
Rodentia,Bathyergidae,Georychus,capensis,Georychus capensis,,191,0.6278,2.26,36.4,,Lovegrove (1987),B,T,M,FOSS,N,N,N,Georychus capensis,
Rodentia,Bathyergidae,Cryptomys,mechowi,Cryptomys mechowi,,272,0.9111,3.28,34,,Bennett et al. (1994),B,T,X,FOSS,N,N,N,Cryptomys mechowi,
Rodentia,Bathyergidae,Bathyergus,janetta,Bathyergus janetta,,406,1.2222,4.4,34.7,,Lovegrove (1986b),B,T,X,FOSS,N,N,N,Bathyergus janetta,
Rodentia,Bathyergidae,Bathyergus,suillus,Bathyergus suillus,,712,1.9056,6.86,35.3,,Lovegrove (1986b),B,T,M,FOSS,N,N,N,Bathyergus suillus,
Rodentia,Bathyergidae,Heterocephalus,glaber,Heterocephalus glaber,,39,0.1444,0.52,32.1,,McNab (1979b),B,TR,X,FOSS,N,N,N,Heterocephalus glaber,
Rodentia,Hystricidae,Hystrix,africaeaustralis,Hystrix africaeaustralis,,10700,11.3389,40.82,38.5,McNab uses the summer acclimated data.,Haim et al. (1990),B,T/TR,M/X,T,N,N,N,Hystrix africaeaustralis,
Rodentia,Erethizontidae,Coendou,prehensilis,Coendou prehensilis,,3280,5.1222,18.44,36.7,,McNab (1978b),S,TR,M,TR,N,N,N,Coendou prehensilis,
Rodentia,Erethizontidae,Erethizon,dorsata,Erethizon dorsata,,11136,15.5278,55.9,,Not reported,Arends and McNab (2001),L,T,M,T/TR,N,N,N,Erethizon dorsatum,Spelling Change
Rodentia,Chinchillidae,Chinchilla,lanigera,Chinchilla lanigera,,426,1.2583,4.53,35.7,,Arends and McNab (2001),G,T,D,T,N,N,N,Chinchilla lanigera,
Rodentia,Chinchillidae,Chinchilla,chinchilla,Chinchilla chinchilla,,454.4,1.2611,4.54,,,Cortes et al. (2003),G,T,D,T,N,N,Y,Chinchilla brevicaudata,Name change
Rodentia,Chinchillidae,Lagidium,viscacia,Lagidium viscacia,,2056,3.9000,14.04,,,Tirado et al. (2007),G,T,X,T,N,N,Y,Lagidium viscacia,
Rodentia,Chinchillidae,Lagostomus,maximus,Lagostomus maximus,,6784,10.5944,38.14,,,Kohl (1980),G,T,X,T,N,N,N,Lagostomus maximus,
Rodentia,Caviidae,Microcavia,niata,Microcavia niata,,255,0.9806,3.53,,Not measured,Marquet et al. (1993),G,T,X,T,N,N,N,Microcavia niata,
Rodentia,Caviidae,Galea,musteloides,Galea musteloides,,322,1.4722,5.3,37.6,Estimated from plot at 30C.,Müller and Soppa (1988),G,T,X,T,N,N,N,Galea musteloides,
Rodentia,Caviidae,Cavia,porcellus,Cavia porcellus,,629,1.9306,6.95,39,,Arends and McNab (2001),G,T,X,T,N,N,N,Cavia porcellus,
Rodentia,Caviidae,Dolichotis,salinicola,Dolichotis salinicola,,1613,4.0500,14.58,38.4,,Arends and McNab (2001),G,T,X,T,N,N,N,Dolichotis salinicola,
Rodentia,Caviidae,Kerodon,rupestris,Kerodon rupestris,,801,2.0111,7.24,38.2,,Arends and McNab (2001),L,TR,M,T,N,N,N,Kerodon rupestris,
Rodentia,Caviidae,Hydrochoeris,hydrochaeris,Hydrochoeris hydrochaeris,,26385,36.7917,132.45,37.1,,Arends and McNab (2001),G,TR,M,AQ,N,N,N,Hydrochaeris hydrochaeris,Spelling Change
Rodentia,Dasyproctidae,Myoprocta,acouchy,Myoprocta acouchy,,914,2.8028,10.09,35.4,,Arends and McNab (2001),F,TR,M,T,N,N,N,Myoprocta acouchy,
Rodentia,Dasyproctidae,Dasyprocta,leporina,Dasyprocta leporina,,2687,8.6917,31.29,38.3,,Arends and McNab (2001),F,TR,M,T,N,N,N,Dasyprocta leporina,
Rodentia,Dasyproctidae,Dasyprocta,azarae,Dasyprocta azarae,,3849,10.5194,37.87,37.5,,Arends and McNab (2001),F,TR,M,T,N,N,N,Dasyprocta azarae,
Rodentia,Cuniculidae,Cuniculus,paca,Cuniculus paca,,9156,15.3222,55.16,37.2,,Arends and McNab (2001),F,TR,M,T,N,N,N,Agouti paca,Genus Change
Rodentia,Ctenomyidae,Ctenomys,talarum,Ctenomys talarum,,116,0.6139,2.21,35.9,,Busch (1989),G,T,X,FOSS,N,N,N,Ctenomys talarum,
Rodentia,Ctenomyidae,Ctenomys,opimus,Ctenomys opimus,,214,0.7750,2.79,36,,Contreras and McNab (1990),G,T,X,FOSS,N,N,N,Ctenomys opimus,
Rodentia,Ctenomyidae,Ctenomys,maulinus,Ctenomys maulinus,,215,1.0444,3.76,36.2,,Arends and McNab (2001),G,T,X,FOSS,N,N,N,Ctenomys maulinus,
Rodentia,Ctenomyidae,Ctenomys,fulvus,Ctenomys fulvus,,300,1.0556,3.8,36.6,,Arends and McNab (2001),G,T,D,FOSS,N,N,N,Ctenomys fulvus,
Rodentia,Ctenomyidae,Ctenomys,australis,Ctenomys australis,,340,0.6444,2.32,37.2,,Busch (1989),G,T,X,FOSS,N,N,N,Ctenomys australis,
Rodentia,Ctenomyidae,Ctenomys,peruanus,Ctenomys peruanus,,490,1.2306,4.43,35.2,,McNab (1979b),G,T,X,FOSS,N,N,N,Ctenomys peruanus,
Rodentia,Octodontidae,Tympanoctomys,barrerae,Tympanoctomys barrerae,,71.4,0.4306,1.55,,Not measured,Bozinovic (1992),G,T,D,T,N,N,Y,Tympanoctomys barrerae,
Rodentia,Octodontidae,Aconaemys,fuscus,Aconaemys fuscus,,112,0.6750,2.43,37.3,,Arends and McNab (2001),G,T,X,FOSS,N,N,N,Aconaemys fuscus,
Rodentia,Octodontidae,Octomys,mimax,Octomys mimax,,118.6,0.6417,2.31,,Not measured,Bozinovic (1992),G,T,D,T,N,N,Y,Octomys mimax,
Rodentia,Octodontidae,Spalacopus,cyanus,Spalacopus cyanus,,136,0.5694,2.05,36.4,,Arends and McNab (2001),G,T,X,FOSS,N,N,N,Spalacopus cyanus,
Rodentia,Octodontidae,Octodontomys,gliroides,Octodontomys gliroides,,152,0.7306,2.63,37.2,,Arends and McNab (2001),S,T,X,T,N,N,N,Octodontomys gliroides,
Rodentia,Octodontidae,Octodon,lunatus,Octodon lunatus,,173.2,0.9556,3.44,,Not measured,Bozinovic (1992),G,T,X,T,N,N,N,Octodon lunatus,
Rodentia,Octodontidae,Octodon,bridgesi,Octodon bridgesi,,176.1,1.0222,3.68,,Not measured,Bozinovic (1992),G,T,M,T,N,N,N,Octodon bridgesi,
Rodentia,Octodontidae,Octodon,degus,Octodon degus,,206,1.0694,3.85,37.6,,Arends and McNab (2001),G,T,X,T,N,N,N,Octodon degus,
Rodentia,Echimyidae,Thrichomys,apereoides,Thrichomys apereoides,,323,1.1528,4.15,37.6,,Arends and McNab (2001),G,TR,M,T,N,N,N,Thrichomys apereoides,
Rodentia,Echimyidae,Proechimys,semispinosus,Proechimys semispinosus,,498,1.7500,6.3,37.9,,Arends and McNab (2001),F,TR,M,T,N,N,N,Proechimys semispinosus,
Rodentia,Myocastoridae,Myocastor,coypus,Myocastor coypus,,4325,16.8861,60.79,34.6,,Segal (1978),G,T,M,AQ,N,N,N,Myocastor coypus,
Rodentia,Capromyidae,Geocapromys,ingrahami,Geocapromys ingrahami,,775,1.4694,5.29,,Not measured,Jordan (1989),L,TR,M,TR,N,N,N,Geocapromys ingrahami,
Rodentia,Capromyidae,Geocapromys,brownii,Geocapromys brownii,,2456,4.1111,14.8,,Not measured,Arends and McNab (2001),L,TR,M,TR,N,N,N,Geocapromys brownii,
Rodentia,Capromyidae,Capromys,pilorides,Capromys pilorides,,2630,3.3750,12.15,35.7,,Arends and McNab (2001),L,TR,M,TR,N,N,N,Capromys pilorides,
Lagomorpha,Ochotonidae,Ochotona,princeps,Ochotona princeps,,109,0.9306,3.35,40.1,Rectal thermometer data.,MacArthur and Wang (1973),L,T,M,T,N,N,Y,Ochotona princeps,
Lagomorpha,Ochotonidae,Ochotona,curzoniae,Ochotona curzoniae,,117.5,1.0611,3.82,,Not measured,Wang et al. (1999),L/S,T,X,T,N,N,Y,Ochotona curzoniae,
Lagomorpha,Ochotonidae,Ochotona,dauurica,Ochotona dauurica,,127.7,1.3889,5,,Not measured,Weiner and Gorecki (1981),L/S,T,X,T,N,N,Y,Ochotona dauurica,
Lagomorpha,Leporidae,Sylvilagus,audubonii,Sylvilagus audubonii,,672.4,2.4417,8.79,38.25,Summer value used.,Hinds (1973),L,T,D,T,N,N,N,Sylvilagus audubonii,
Lagomorpha,Leporidae,Lepus,americanus,Lepus americanus,,1577,6.6861,24.07,39.8,Rectal temperature,Hart et al. (1965),L,T,D,T,N,N,N,Lepus americanus,
Lagomorpha,Leporidae,Lepus,californicus,Lepus californicus,,1989,6.2361,22.45,38.75,"Summer:38.8, Winter:38.7",Hinds (1977),L,T,D,T,N,N,N,Lepus californicus,
Lagomorpha,Leporidae,Lepus,townsendii,Lepus townsendii,,2430,7.0472,25.37,38.2,McNab uses summer values.,Rogowitz (1990),L,T,X,T,N,N,N,Lepus townsendii,
Lagomorpha,Leporidae,Lepus,arcticus,Lepus arcticus,,3004,6.0333,21.72,38.9,,Wang et al. (1973),L,P,M,T,N,N,N,Lepus arcticus,
Lagomorpha,Leporidae,Lepus,timidus,Lepus timidus,,3150,12.9833,46.74,39.7,McNab uses winter data.,Pyörnilä et al. (1992),L,T,M,T,N,N,N,Lepus timidus,
Lagomorpha,Leporidae,Lepus,alleni,Lepus alleni,,3362,8.4583,30.45,38.1,Both Summer and Winter,Hinds (1977),L,T,D,T,N,N,N,Lepus alleni,
Erinaceomorpha,Erinaceidae,Hemiechinus,auritus,Hemiechinus auritus,,397,0.8472,3.05,33.75,,Shkolnik and Schmidt-Nielsen (1976),I,T,D,T,Y,N,N,Hemiechinus auritus,
Erinaceomorpha,Erinaceidae,Paraechinus,aethiopicus,Paraechinus aethiopicus,,453,0.6278,2.26,34.19,,Shkolnik and Schmidt-Nielsen (1976),I,T,D,T,Y,N,N,Hemiechinus aethiopicus,Genus Change
Erinaceomorpha,Erinaceidae,Atelerix,albiventris,Atelerix albiventris,,450,0.8278,2.98,35.2,,McNab (1980b),IV,TR,D,T,?,N,N,Atelerix albiventris,
Erinaceomorpha,Erinaceidae,Erinaceus,europaeus,Erinaceus europaeus,,749,1.8833,6.78,34,,Shkolnik and Schmidt-Nielsen (1976),IV,T,X,T,Y,N,N,Erinaceus europaeus,
Erinaceomorpha,Erinaceidae,Erinaceus,concolor,Erinaceus concolor,,822.7,1.9361,6.97,35.2,,Król (1994),IV,T,X,T,Y,N,N,Erinaceus concolor,
Erinaceomorpha,Erinaceidae,Hylomys,suillus,Hylomys suillus,,77.3,0.4472,1.61,37.3,,Genoud and Ruedi (1996),W,TR,M,T,N,N,N,Hylomys suillus,
Erinaceomorpha,Erinaceidae,Echinosorex,gymnura,Echinosorex gymnura,,721.2,2.8167,10.14,36.3,,Whittow et al. (1977),IV,TR,M,T,N,N,N,Echinosorex gymnura,
Soricomorpha,Soricidae,Suncus,etruscus,Suncus etruscus,,2.2,0.0389,0.14,,,Frey (1980),I,T,M,T,Y,N,N,Suncus etruscus,
Soricomorpha,Soricidae,Crocidura,suaveolens,Crocidura suaveolens,,6.5,0.1056,0.38,35.1,,Sparti (1990),I,T,M,T,Y,N,N,Crocidura suaveolens,
Soricomorpha,Soricidae,Crocidura,hildegardeae,Crocidura hildegardeae,,10,0.1444,0.52,35.7,,Sparti (1990),I,TR,M,T,?,N,N,Crocidura hildegardeae,
Soricomorpha,Soricidae,Crocidura,jouvenetae,Crocidura jouvenetae,Crocidura ebriensis,10.2,0.1250,0.45,34.3,,Sparti (1990),I,TR,M,T,?,N,N,,"Neither Crocidura jouvenetae, nor its synonyms are listed.  Was once considered part of C. crossei."
Soricomorpha,Soricidae,Crocidura,russula,Crocidura russula,,10.4,0.1278,0.46,34.7,,Sparti (1990),I,T,M,T,Y,N,N,Crocidura russula,
Soricomorpha,Soricidae,Crocidura,leucodon,Crocidura leucodon,,11.7,0.1667,0.6,,,Sparti (1990),I,T,M,T,Y,N,N,Crocidura leucodon,
Soricomorpha,Soricidae,Crocidura,luna,Crocidura luna,,11.8,0.1389,0.5,34.8,,Sparti (1990),I,TR,M,T,?,N,N,Crocidura luna,
Soricomorpha,Soricidae,Crocidura,viaria,Crocidura viaria,,14.7,0.1222,0.44,34.5,,Sparti (1990),I,TR,M,T,Y,N,N,Crocidura viaria,
Soricomorpha,Soricidae,Crocidura,poensis,Crocidura poensis,,17.3,0.1750,0.63,35.5,,Sparti (1990),I,TR,M,T,N,N,N,Crocidura poensis,
Soricomorpha,Soricidae,Crocidura,olivieri,Crocidura olivieri,,38.9,0.3250,1.17,35.3,,Sparti (1990),I,TR,M,T,?,N,N,Crocidura olivieri,
Soricomorpha,Soricidae,Suncus,murinus,Suncus murinus,,52.3,0.4917,1.77,,Not measured,Dryden et al. (1974),I,T,M,T,Y,N,N,Suncus murinus,
Soricomorpha,Soricidae,Myosorex,varius,Myosorex varius,,12.3,0.1333,0.48,35.6,,Brown et al. (1997),I,T,M,T,?,N,N,Myosorex varius,
Soricomorpha,Soricidae,Sorex,minutus,Sorex minutus,,3.3,0.1583,0.57,38.5,,Sparti and Genoud (1989),I,T,M,T,N,N,N,Sorex minutus,
Soricomorpha,Soricidae,Notiosorex,crawfordi,Notiosorex crawfordi,,4,0.0722,0.26,37.6,,Lindstedt (1980),I,T,D,T,Y,N,N,Notiosorex crawfordi,
Soricomorpha,Soricidae,Sorex,cinereus,Sorex cinereus,,4.2,0.1472,0.53,,,Morrison et al. (1959),I,T,M,T,N,N,N,Sorex cinereus,
Soricomorpha,Soricidae,Sorex,vagrans,Sorex vagrans,,5.2,0.1111,0.4,,Not measured,Tomasi (1985),I,T,M,T,N,N,N,Sorex vagrans,
Soricomorpha,Soricidae,Cryptotis,parva,Cryptotis parva,,6.2,0.1056,0.38,,,McNab (1991),I,T,M,T,N,N,N,Cryptotis parva,
Soricomorpha,Soricidae,Sorex,araneus,Sorex araneus,,7.7,0.2611,0.94,,,"Nagel (1994), Taylor (1998)",I,T,M,T,N,N,N,Sorex araneus,
Soricomorpha,Soricidae,Sorex,alpinus,Sorex alpinus,,7.9,0.2694,0.97,38.6,,Sparti (1990),I,T,M,T,N,N,Y,Sorex alpinus,
Soricomorpha,Soricidae,Sorex,coronatus,Sorex coronatus,,9.1,0.2889,1.04,37.6,,Sparti and Genoud (1989),I,T,M,T,N,N,N,Sorex coronatus,
Soricomorpha,Soricidae,Blarina,carolinensis,Blarina carolinensis,,10.2,0.1861,0.67,,,McNab (1991),V/I,T,M,T,N,N,N,Blarina carolinensis,
Soricomorpha,Soricidae,Neomys,fodiens,Neomys fodiens,,13.5,0.2194,0.79,37.9,,Sparti (1990),IV,T,FW,AQ,N,N,N,Neomys fodiens,
Soricomorpha,Soricidae,Sorex,palustris,Sorex palustris,,14.4,0.3889,1.4,38.6,,Gusztak et al. (2005),V/I,T,FW,AQ,N,N,N,Sorex palustris,
Soricomorpha,Soricidae,Blarina,brevicauda,Blarina brevicauda,,21,0.2917,1.05,38.5,"Estimated from plot, McNab's value (1979) used.",Platt (1974),V/I,T,M,T,N,N,N,Blarina brevicauda,
Soricomorpha,Talpidae,Scalopus,aquaticus,Scalopus aquaticus,,48,0.3778,1.36,36,,McNab (1979b),W/I,T,M,FOSS,N,N,N,Scalopus aquaticus,
Soricomorpha,Talpidae,Condylura,cristata,Condylura cristata,,49,0.6167,2.22,37.7,,Campbell et al. (1999),IV,T,M,FOSS,N,N,N,Condylura cristata,
Soricomorpha,Talpidae,Scapanus,latimanus,Scapanus latimanus,,61,0.3472,1.25,,,Contreras and McNab (1990),W/I,T,M,FOSS,N,N,N,Scapanus latimanus,
Soricomorpha,Talpidae,Scapanus,orarius,Scapanus orarius,,61.2,0.2917,1.05,,Not measured,Kenagy and Vleck (1982),W/I,T,M,FOSS,N,N,N,Scapanus orarius,
Soricomorpha,Talpidae,Scapanus,townsendii,Scapanus townsendii,,130.1,0.6083,2.19,,Not measured,Kenagy and Vleck (1982),W/I,T,M,FOSS,N,N,N,Scapanus townsendii,
Soricomorpha,Talpidae,Neurotrichus,gibbsii,Neurotrichus gibbsii,,11.8,0.2583,0.93,38.4,,Campbell and Hochachka (2000),W/I,T,M,T,N,N,N,Neurotrichus gibbsii,
Chiroptera,Pteropodidae,Macroglossus,minimus,Macroglossus minimus,,16.4,0.0806,0.29,37.1,From McNab (2001),Bonaccorso and McNab (1997),N,TR,M,TR,Y,N,N,Macroglossus minimus,
Chiroptera,Pteropodidae,Syconycteris,australis,Syconycteris australis,,16.5,0.0972,0.35,36.5,From McNab (2001),Bonaccorso and McNab (1997),N,TR,M,TR,Y,N,N,Syconycteris australis,
Chiroptera,Pteropodidae,Eonycteris,spelaea,Eonycteris spelaea,,51.6,0.2667,0.96,34,From McNab (2001),McNab (1989),N,TR,M,C/TR,N,N,N,Eonycteris spelaea,
Chiroptera,Pteropodidae,Melonycteris,melanops,Melonycteris melanops,,53.3,0.2417,0.87,34.9,From McNab (2001),Bonaccorso and McNab (1997),N,TR,M,TR,N,Y,N,Melonycteris melanops,
Chiroptera,Pteropodidae,Paranyctimene,raptor,Paranyctimene raptor,,23.6,0.1361,0.49,33.8,,McNab and Bonaccorso (2001),F,TR,M,TR,Y,N,N,Paranyctimene raptor,
Chiroptera,Pteropodidae,Nyctimene,albiventer,Nyctimene albiventer,,30.9,0.2444,0.88,35.9,,McNab and Bonaccorso (2001),F,TR,M,TR,Y,N,N,Nyctimene albiventer,
Chiroptera,Pteropodidae,Nyctimene,cyclotis,Nyctimene cyclotis,,40.4,0.4444,1.6,36,,McNab and Bonaccorso (2001),F,TR,M,TR,N,Y,Y,Nyctimene cyclotis,
Chiroptera,Pteropodidae,Cynopterus,brachyotis,Cynopterus brachyotis,,37.4,0.2639,0.95,36.5,,McNab (1989),F,TR,M,C,N,N,N,Cynopterus brachyotis,
Chiroptera,Pteropodidae,Dobsonia,minor,Dobsonia minor,,73.7,0.4167,1.5,36.5,,McNab and Bonaccorso (2001),F,TR,M,C,N,N,N,Dobsonia minor,
Chiroptera,Pteropodidae,Rousettus,amplexicaudatus,Rousettus amplexicaudatus,,91.5,0.5833,2.1,36.5,,McNab and Bonaccorso (2001),F,TR,M,C,N,N,N,Rousettus amplexicaudatus,
Chiroptera,Pteropodidae,Rousettus,aegyptiacus,Rousettus aegyptiacus,,146,0.6833,2.46,34.8,,Noll (1979),F,TR,X,C,N,N,N,Rousettus egyptiacus,Spelling Change
Chiroptera,Pteropodidae,Dobsonia,praedatrix,Dobsonia praedatrix,,179.5,0.8000,2.88,37.1,,McNab and Bonaccorso (2001),F,TR,M,C,N,Y,N,Dobsonia praedatrix,
Chiroptera,Pteropodidae,Pteropus,pumilus,Pteropus pumilus,,194.2,0.7056,2.54,36.1,,McNab and Armstrong (2001),F,TR,M,TR,N,Y,N,Pteropus pumilus,
Chiroptera,Pteropodidae,Dobsonia,anderseni,Dobsonia anderseni,,241.4,0.9694,3.49,36.4,,McNab and Bonaccorso (2001),F,TR,M,C,N,Y,N,Dobsonia pannietensis,Branching
Chiroptera,Pteropodidae,Pteropus,rodricensis,Pteropus rodricensis,,254.5,0.7528,2.71,36.5,,McNab and Armstrong (2001),F,TR,M,TR,N,Y,N,Pteropus rodricensis,
Chiroptera,Pteropodidae,Pteropus,scapulatus,Pteropus scapulatus,,362,1.3528,4.87,37,From McNab (2001),Bartholomew et al. (1964),N,T/TR,M,TR,N,N,N,Pteropus scapulatus,
Chiroptera,Pteropodidae,Dobsonia,moluccensis,Dobsonia moluccensis,,404.3,2.0528,7.39,36.8,,McNab and Bonaccorso (2001),F,TR,M,C,N,N?,N,Dobsonia moluccensis,
Chiroptera,Pteropodidae,Pteropus,hypomelanus,Pteropus hypomelanus,,520.8,1.6278,5.86,35.7,,McNab and Armstrong (2001),F,TR,M,TR,N,Y,N,Pteropus hypomelanus,
Chiroptera,Pteropodidae,Pteropus,giganteus,Pteropus giganteus,,562.2,1.6306,5.87,36.7,,McNab and Armstrong (2001),F,TR,M,TR,N,N,N,Pteropus giganteus,
Chiroptera,Pteropodidae,Pteropus,poliocephalus,Pteropus poliocephalus,,598,1.7667,6.36,36.5,From McNab (2001),Bartholomew et al. (1964),F,T,M,TR,N,N,N,Pteropus poliocephalus,
Chiroptera,Pteropodidae,Pteropus,vampyrus,Pteropus vampyrus,,1024.3,4.5139,16.25,36.9,,McNab and Armstrong (2001),F,TR,M,TR,N,N,N,Pteropus vampyrus,
Chiroptera,Hipposideridae,Aselliscus,tricuspidatus,Aselliscus tricuspidatus,,4.2,0.0389,0.14,36.2,,Bonaccorso and McNab (2003),I,TR,M,C,Y?,Y,N,Aselliscus tricuspidatus,
Chiroptera,Hipposideridae,Rhinonicteris,aurantia,Rhinonicteris aurantia,,8.3,0.0917,0.33,36.1,,Baudinette et al. (2000),I,TR,X,C,N,N,N,Rhinonicteris aurantia,
Chiroptera,Hipposideridae,Hipposideros,cervinus,Hipposideros cervinus,,8.3,0.0500,0.18,36.6,,Bonaccorso and McNab (2003),I,TR,M,C,Y,N,N,Hipposideros cervinus,
Chiroptera,Hipposideridae,Hipposideros,galeritus,Hipposideros galeritus,,8.5,0.0528,0.19,33.3,From Bonaccorso (2003),McNab (1989),I,TR,M,C,Y,Y,N,Hipposideros galeritus,
Chiroptera,Hipposideridae,Hipposideros,maggietaylorae,Hipposideros maggietaylorae,,18.2,0.1167,0.42,36.6,,Bonaccorso and McNab (2003),I,TR,M,C,N,Y,N,Hipposideros maggietaylorae,
Chiroptera,Hipposideridae,Hipposideros,diadema,Hipposideros diadema,,37.2,0.1833,0.66,36.9,,Bonaccorso and McNab (2003),I,TR,M,C,N,N,N,Hipposideros diadema,
Chiroptera,Megadermatidae,Macroderma,gigas,Macroderma gigas,,107.2,0.5250,1.89,35.6,,Baudinette et al. (2000),V,TR,M/X,C,N,N,N,Macroderma gigas,
Chiroptera,Emballonuridae,Saccopteryx,leptura,Saccopteryx leptura,,4.2,0.0528,0.19,,,McNab (1982),I,TR,M,C,Y,N,N,Saccopteryx leptura,
Chiroptera,Emballonuridae,Peropteryx,macrotis,Peropteryx macrotis,,5.1,0.0667,0.24,35,Estimated from plot at 30C.,Genoud et al. (1990),I,TR,M/X,C,Y,N,N,Peropteryx macrotis,
Chiroptera,Emballonuridae,Saccopteryx,bilineata,Saccopteryx bilineata,,7.8,0.0806,0.29,35.5,,Genoud and Bonaccorso (1986),I,TR,M,TR,N,N,N,Saccopteryx bilineata,
Chiroptera,Phyllostomidae,Diphylla,ecaudata,Diphylla ecaudata,,27.8,0.1889,0.68,32.4,,McNab (1969),BL,TR,M,C,N,N,N,Diphylla ecaudata,
Chiroptera,Phyllostomidae,Desmodus,rotundus,Desmodus rotundus,,29.4,0.1500,0.54,35,,McNab (1969),BL,T/TR,M,C,N,N,N,Desmodus rotundus,
Chiroptera,Phyllostomidae,Diaemus,youngi,Diaemus youngi,,36.6,0.1889,0.68,31.3,,McNab (1969),BL,T/TR,M,C,N,N,N,Diaemus youngi,
Chiroptera,Phyllostomidae,Erophylla,bombifrons,Erophylla bombifrons,,16.1,0.1000,0.36,,,Rodriguez-Duran (1995),N,TR,M,C,N,Y,N,Erophylla sezekorni,Branching
Chiroptera,Phyllostomidae,Monophyllus,redmani,Monophyllus redmani,,8.7,0.0611,0.22,,,Rodriguez-Duran (1995),N,TR,M,C,N,Y,N,Monophyllus redmani,
Chiroptera,Phyllostomidae,Glossophaga,soricina,Glossophaga soricina,,9.6,0.1194,0.43,35.5,,McNab (1989),N,TR,M,C,N,N,N,Glossophaga soricina,
Chiroptera,Phyllostomidae,Choeroniscus,godmani,Choeroniscus godmani,,10.1,0.1056,0.38,36.6,,Arends et al. (1995),N,TR,X,TR,N,N,N,Choeroniscus godmani,
Chiroptera,Phyllostomidae,Anoura,caudifer,Anoura caudifer,,11.3,0.1583,0.57,,,Cruz-Neto et al. (2001),N,TR,M,C,N,N,N,Anoura caudifera,Spelling Change
Chiroptera,Phyllostomidae,Glossophaga,longirostris,Glossophaga longirostris,,13.5,0.1472,0.53,37.4,,Arends et al. (1995),N,TR,X,C,N,N,N,Glossophaga longirostris,
Chiroptera,Phyllostomidae,Anoura,latidens,Anoura latidens,,13.6,0.2056,0.74,,,Soriano et al. (2002),N,TR,M,C,N,N,Y,Anoura latidens,
Chiroptera,Phyllostomidae,Leptonycteris,curasoae,Leptonycteris curasoae,,24,0.1889,0.68,35.3,,Arends et al. (1995),N,TR,X,C,N,N,N,Leptonycteris curasoae,
Chiroptera,Phyllostomidae,Macrotus,californicus,Macrotus californicus,,11.7,0.0806,0.29,,,Bell et al. (1986),I,T,X,C,N,N,N,Macrotus californicus,
Chiroptera,Phyllostomidae,Tonatia,bidens,Tonatia bidens,,27.4,0.2194,0.79,37,,McNab (1969),V/I,TR,M,TR,N,N,N,Tonatia bidens,
Chiroptera,Phyllostomidae,Phyllostomus,discolor,Phyllostomus discolor,,33.5,0.1917,0.69,34.6,,McNab (1969),O,TR,M,C/TR,N,N,N,Phyllostomus discolor,
Chiroptera,Phyllostomidae,Phyllostomus,elongatus,Phyllostomus elongatus,,35.6,0.2167,0.78,35.7,Estimated from plot at 26C,McNab (1969),O,TR,M,C/TR,N,N,N,Phyllostomus elongatus,
Chiroptera,Phyllostomidae,Phyllostomus,hastatus,Phyllostomus hastatus,,84.2,0.3944,1.42,34.7,,McNab (1969),O,TR,M,C/TR,N,N,N,Phyllostomus hastatus,
Chiroptera,Phyllostomidae,Chrotopterus,auritus,Chrotopterus auritus,,96.1,0.5694,2.05,37.2,,McNab (1969),V,TR,M,C/TR,N,N,N,Chrotopterus auritus,
Chiroptera,Phyllostomidae,Rhinophylla,fischerae,Rhinophylla fischerae,,9.5,0.0917,0.33,34.7,,McNab (1969),F,TR,M,TR,N,N,N,Rhinophylla fischerae,
Chiroptera,Phyllostomidae,Carollia,perspicillata,Carollia perspicillata,,14.9,0.1750,0.63,36.4,,McNab (1969),F,TR,M,C,N,N,N,Carollia perspicillata,
Chiroptera,Phyllostomidae,Vampyressa,pusilla,Vampyressa pusilla,,8.8,0.1028,0.37,,Not reported,Cruz-Neto et al. (2001),F,TR,M,TR,N,N,N,Vampyressa pusilla,
Chiroptera,Phyllostomidae,Sturnira,erythromos,Sturnira erythromos,,15.9,0.2222,0.8,,Not reported,Soriano et al. (2002),F,TR,M,TR,N,N,Y,Sturnira erythromos,
Chiroptera,Phyllostomidae,Uroderma,bilobatum,Uroderma bilobatum,,16.2,0.1472,0.53,35.1,,McNab (1969),F,TR,M,TR,N,N,N,Uroderma bilobatum,
Chiroptera,Phyllostomidae,Artibeus,concolor,Artibeus concolor,,19.7,0.1833,0.66,35.3,,McNab (1969),F,TR,M,TR,N,N,N,Artibeus concolor,
Chiroptera,Phyllostomidae,Chiroderma,doriae,Chiroderma doriae,,19.9,0.1722,0.62,,Not reported,Cruz-Neto et al. (2001),F,TR,M,TR,N,N,N,Chiroderma doriae,
Chiroptera,Phyllostomidae,Sturnira,tildae,Sturnira tildae,,20.5,0.2222,0.8,,Not reported,Cruz-Neto et al. (2001),F,TR,M,TR,N,N,N,Sturnira tildae,
Chiroptera,Phyllostomidae,Platyrrhinus,lineatus,Platyrrhinus lineatus,,21.9,0.1806,0.65,36.4,,McNab (1969),F,TR,M,TR,N,N,N,Platyrrhinus lineatus,
Chiroptera,Phyllostomidae,Sturnira,lilium,Sturnira lilium,,21.9,0.2194,0.79,36.4,,McNab (1969),F,T/TR,M,C/TR,N,N,N,Sturnira lilium,
Chiroptera,Phyllostomidae,Artibeus,jamaicensis,Artibeus jamaicensis,,45.2,0.3167,1.14,36.4,,McNab (1969),F,TR,M,TR,N,N,N,Artibeus jamaicensis,
Chiroptera,Phyllostomidae,Artibeus,fimbriatus,Artibeus fimbriatus,,63.9,0.4361,1.57,,Not reported,Cruz-Neto et al. (2001),F,TR,M,TR,N,N,N,Artibeus fimbriatus,
Chiroptera,Phyllostomidae,Artibeus,lituratus,Artibeus lituratus,,69.7,0.4833,1.74,37.3,,McNab (1969),F,TR,M,TR,N,N,N,Artibeus lituratus,
Chiroptera,Mormoopidae,Pteronotus,quadridens,Pteronotus quadridens,,4.9,0.0333,0.12,31.1910447761,Average of males and females.,Rodriguez-Duran (1995),I,TR,M,C,Y,Y,N,Pteronotus quadridens,
Chiroptera,Mormoopidae,Mormoops,blainvillei,Mormoops blainvillei,,8.6,0.0444,0.16,,,Rodriguez-Duran (1995),I,TR,M,C,Y,Y,N,Mormoops blainvillii,Spelling Change
Chiroptera,Mormoopidae,Pteronotus,davyi,Pteronotus davyi,,9.4,0.0861,0.31,38.8,,Bonaccorso et al. (1992),I,TR,X,C,N,N,N,Pteronotus davyi,
Chiroptera,Mormoopidae,Pteronotus,personatus,Pteronotus personatus,,14,0.1278,0.46,37.5,,Bonaccorso et al. (1992),I,TR,X,C,N,N,N,Pteronotus personatus,
Chiroptera,Mormoopidae,Mormoops,megalophylla,Mormoops megalophylla,,16.5,0.1361,0.49,36.9,,Bonaccorso et al. (1992),I,TR,X,C,N,N,N,Mormoops megalophylla,
Chiroptera,Mormoopidae,Pteronotus,parnellii,Pteronotus parnellii,Personatus parnellii,19.2,0.1722,0.62,36.4,,Bonaccorso et al. (1992),I,TR,X,C,N,N,N,Pteronotus parnellii,
Chiroptera,Noctilionidae,Noctilio,albiventris,Noctilio albiventris,,27,0.1333,0.48,32,,McNab (1969),I,TR,M,C,N,N,N,Noctilio albiventris,
Chiroptera,Noctilionidae,Noctilio,leporinus,Noctilio leporinus,,61,0.2611,0.94,33.8,,McNab (1969),V,TR,M,C,N,N,N,Noctilio leporinus,
Chiroptera,Natalidae,Natalus,tumidirostris,Natalus tumidirostris,,5.4,0.0472,0.17,32.2,,Genoud et al. (1990),I,TR,X,C,Y,N,N,Natalus tumidirostris,
Chiroptera,Molossidae,Molossus,molossus,Molossus molossus,,15.6,0.0972,0.35,31.4,,McNab (1969),I,TR,M,C/TR,Y,N,N,Molossus molossus,
Chiroptera,Molossidae,Eumops,perotis,Eumops perotis,,56,0.2222,0.8,33.4,,Leitner (1966),I,T/TR,M/X,C,Y,N,N,Eumops perotis,
Chiroptera,Vespertilionidae,Nyctophilus,geoffroyi,Nyctophilus geoffroyi,,8,0.0639,0.23,31.6,,Hosken and Winters (1999),I,T/TR,M/X,C/TR,Y,N,N,Nyctophilus geoffroyi,
Chiroptera,Vespertilionidae,Nycticeius,humeralis,Nycticeius humeralis,,9,0.0611,0.22,34,Estimated from plot at 32C.,Genoud (1993),I,T,M,TR,Y,N,N,Nycticeius humeralis,
Chiroptera,Vespertilionidae,Lasiurus,seminolus,Lasiurus seminolus,,9.8,0.0750,0.27,35.1,,Genoud (1993),I,T,M,TR,Y,N,N,Lasiurus seminolus,
Chiroptera,Vespertilionidae,Histiotus,velatus,Histiotus velatus,,11.2,0.0556,0.2,30.5,,McNab (1969),I,TR,M,C,Y,N,N,Histiotus velatus,
Chiroptera,Vespertilionidae,Lasiurus,borealis,Lasiurus borealis,,12.2,0.0972,0.35,35.7,,Genoud (1993),I,T,M,TR,Y,N,N,Lasiurus borealis,
Chiroptera,Vespertilionidae,Nyctophilus,timoriensis,Nyctophilus timoriensis,Nyctophilus major,13.6,0.1139,0.41,33,,Hosken (1997),I,T,M,C,Y,N,N,Nyctophilus timoriensis,
Chiroptera,Vespertilionidae,Chalinolobus,gouldii,Chalinolobus gouldii,,17.5,0.1389,0.5,36,"Estimated from plot at 30, 35C.",Hosken and Withers (1997),I,T/TR,M/X,TR,Y,N,N,Chalinolobus gouldii,
Chiroptera,Vespertilionidae,Lasiurus,cinereus,Lasiurus cinereus,,19.9,0.0917,0.33,34.8,,Genoud (1993),I,T,M,TR,Y,N,N,Lasiurus cinereus,
Chiroptera,Vespertilionidae,Lasiurus,intermedius,Lasiurus intermedius,,22.6,0.1028,0.37,35,Estimated from plot at 32C.,Genoud (1993),I,T,M,TR,Y,N,N,Lasiurus intermedius,
Chiroptera,Vespertilionidae,Myotis,chiloensis,Myotis chiloensis,,5.8,0.0556,0.2,,,Bozinovic et al. (1985),I,T,M,C,HIB,N,N,Myotis chiloensis,
Chiroptera,Vespertilionidae,Myotis,vivesi,Myotis vivesi,,25,0.2000,0.72,36,,Carpenter (1968),V/IV,T,X,C,Y,Y,N,Myotis vivesi,
Chiroptera,Vespertilionidae,Miniopterus,schreibersii,Miniopterus schreibersii,,10.9,0.1444,0.52,37.7,,Baudinette et al. (2000),I,T/TR,M/X,C,HIB,N,N,Miniopterus schreibersi,Spelling Change
Pholidota,Manidae,Manis,tetradactyla,Manis tetradactyla,,1430,1.2750,4.59,,,Hildwein (1974),A/T,TR,M,TR,N,N,N,Manis tetradactyla,
Pholidota,Manidae,Manis,tricuspis,Manis tricuspis,,2730,5.0250,18.09,,,Hildwein (1972),A/T,TR,M,T/TR,N,N,N,Manis tricuspis,
Pholidota,Manidae,Manis,pentadactyla,Manis pentadactyla,,3637.5,3.7333,13.44,33.41,,Heath and Hammell (1986),A/T,TR,M,T,N,N,N,Manis pentadactyla,
Pholidota,Manidae,Manis,javanica,Manis javanica,,4220,6.1194,22.03,32.3,,McNab (1984),A/T,TR,M,T/TR,N,N,N,Manis javanica,
Pholidota,Manidae,Manis,crassicaudata,Manis crassicaudata,,15910,6.3889,23,33.4,,McNab (1984),A/T,TR,M,T,N,N,N,Manis crassicaudata,
Carnivora,Felidae,Leopardus,wiedii,Leopardus wiedii,,3600,5.2222,18.8,38,,McNab (2000),V,TR,M,TR,N,N,N,Leopardus wiedii,
Carnivora,Felidae,Puma,yagouaroundi,Puma yagouaroundi,,8400,9.7000,34.92,38.4,,McNab (2000),V,W,W,T,N,N,N,Herpailurus yaguarondi,Genus/Spelling Change
Carnivora,Felidae,Lynx,rufus,Lynx rufus,,9400,23.5417,84.75,,Not measured,McNab (2000),V,T,W,T,N,N,N,Lynx rufus,
Carnivora,Felidae,Leptailurus,serval,Leptailurus serval,,10100,17.4639,62.87,36.7,Estimated from plot at 22.5C.,Downs et al. (1991),V,W,X,T,N,N,N,Leptailurus serval,
Carnivora,Felidae,Leopardus,pardalis,Leopardus pardalis,,10500,17.5694,63.25,38,,McNab (2000),V,W,W,T,N,N,N,Leopardus pardalis,
Carnivora,Felidae,Puma,concolor,Puma concolor,,37200,49.3833,177.78,37.6,,McNab (2000),V,W,W,T,N,N,N,Puma concolor,
Carnivora,Felidae,Acinonyx,jubatus,Acinonyx jubatus,,37900,50.1028,180.37,,Not measured,McNab (2000),V,W,X,T,N,N,N,Acinonyx jubatus,
Carnivora,Felidae,Panthera,onca,Panthera onca,,50400,62.4083,224.67,,Not measured,McNab (2000),V,W,W,T,N,N,N,Panthera onca,
Carnivora,Felidae,Panthera,leo,Panthera leo,,98000,94.5667,340.44,37.9,,McNab (2000),V,W,X,T,N,N,N,Panthera leo,
Carnivora,Felidae,Panthera,tigris,Panthera tigris,,137900,133.8361,481.81,37,,McNab (2000),V,W,W,T,N,N,N,Panthera tigris,
Carnivora,Viverridae,Arctogalidia,trivirgata,Arctogalidia trivirgata,,2010,3.0833,11.1,36.2,,McNab (1995),O,TR,M,TR,N,N,N,Arctogalidia trivirgata,
Carnivora,Viverridae,Paradoxurus,hermaphroditus,Paradoxurus hermaphroditus,,3160,4.2306,15.23,36.45,McNab averages male and female data with equal weight for each gender.,McNab (1995),O,TR,M,TR,N,N,N,Paradoxurus hermaphroditus,
Carnivora,Viverridae,Arctictis,binturong,Arctictis binturong,,14280,6.2917,22.65,36.7,,McNab (1995),F,TR,M,TR,N,N,N,Arctictis binturong,
Carnivora,Viverridae,Genetta,tigrina,Genetta tigrina,,1732,4.2500,15.3,38.5,,Hennemann and Konecny (1980),O,T,W,T,N,N,N,Genetta tigrina,
Carnivora,Eupleridae,Fossa,fossana,Fossa fossana,,2260,5.0556,18.2,37.9,,McNab (1995),O,T,M,T,N,N,N,Fossa fossana,
Carnivora,Nandiniidae,Nandinia,binotata,Nandinia binotata,,4270,4.8111,17.32,37.4,,McNab (1995),F,TR,M,TR,N,N,N,Nandinia binotata,
Carnivora,Herpestidae,Galerella,sanguinea,Galerella sanguinea,Herpestes sanguineus,500,2.1194,7.63,38.7,,Kamau et al. (1979),V,W,W,T,N,N,N,Galerella sanguinea,
Carnivora,Herpestidae,Herpestes,javanicus,Herpestes javanicus,Herpestes auropunctatus,611,2.2500,8.1,39.76,,Ebisu and Whittow (1976),V,W,W,T,N,N,N,Herpestes javanicus,
Carnivora,Herpestidae,Suricata,suricatta,Suricata suricatta,,850,1.7556,6.32,36,,Müller and Lojewski (1986),I,T,X,B,N,N,N,Suricata suricatta,
Carnivora,Hyaenidae,Proteles,cristata,Proteles cristata,,8100,12.2000,43.92,36.4,,Anderson et al. (1997),A/T,W,X,T,N,N,N,Proteles cristatus,Spelling Change
Carnivora,Hyaenidae,Hyaena,hyaena,Hyaena hyaena,,34300,31.9500,115.02,,Not measured,McNab (2000),O,W,X,T,N,N,N,Hyaena hyaena,
Carnivora,Canidae,Vulpes,zerda,Vulpes zerda,,1106,2.2222,8,37.5,,Noll-Banholzer (1979),I,T,D,T,N,N,N,Vulpes zerda,
Carnivora,Canidae,Vulpes,cana,Vulpes cana,,1285,3.5250,12.69,38.5,,Williams et al. (2004),O,T,D,T,N,N,N,Vulpes cana,
Carnivora,Canidae,Vulpes,rueppellii,Vulpes rueppellii,,1546,4.4583,16.05,,Not measured,Williams et al. (2002),V,T,D,T,N,N,N,Vulpes rueppellii,
Carnivora,Canidae,Vulpes,macrotis,Vulpes macrotis,,1868,5.2306,18.83,38,Estimated from plot at 25C.,Golightly and Ohmart (1983),V,T,D,T,N,N,N,Vulpes velox,May be Conspecific.  Debate Exists.
Carnivora,Canidae,Vulpes,vulpes,Vulpes vulpes,,3060,8.3806,30.17,38.9,,Williams et al. (2004),O,Y,W,T,N,N,N,Vulpes vulpes,
Carnivora,Canidae,Vulpes,lagopus,Vulpes lagopus,Alopex lagopus,5090,11.9611,43.06,,Not measured,Klir and Heath (1992),V,P,M,T,N,N,N,Alopex lagopus,Genus Change
Carnivora,Canidae,Lycalopex,culpaeus,Lycalopex culpaeus,Pseudoalopex culpaeus,5418,11.3639,40.91,,Not reported. Range is reported but this is not useful.,Silva et al. (2004),O,T,X,T,N,N,N,Pseudalopex culpaeus,Genus Change
Carnivora,Canidae,Cerdocyon,thous,Cerdocyon thous,,5444,8.5028,30.61,38.2,,Hennemann et al. (1983),O,TR,W,T,N,N,N,Cerdocyon thous,
Carnivora,Canidae,Nyctereutes,procyonoides,Nyctereutes procyonoides,,7575,16.9306,60.95,,Not measured,Korhonen et al. (1983),O,T,M,T,Y,N,N,Nyctereutes procyonoides,
Carnivora,Canidae,Canis,mesomelas,Canis mesomelas,,7720,21.0556,75.8,37.3,Estimated from plot at 22.5C.,Downs et al. (1991),O,T,X,T,N,N,N,Canis mesomelas,
Carnivora,Canidae,Canis,latrans,Canis latrans,,10000,15.0000,54,,,Golightly and Ohmart (1983),V,T,W,T,N,N,N,Canis latrans,
Carnivora,Canidae,Canis,lupus,Canis lupus,,33000,45.0972,162.35,,Not measured,Okarma and Koteja (1987),V,T,W,T,N,N,N,Canis lupus,
Carnivora,Ursidae,Melursus,ursinus,Melursus ursinus,,66960,47.0583,169.41,,Not measured,McNab (1992a),I,TR,M,T/TR,N,N,N,Melursus ursinus,
Carnivora,Ursidae,Ursus,americanus,Ursus americanus,,129500,85.2333,306.84,,,Watts and Cuyler (1988),O,T,M,T,HIB,N,N,Ursus americanus,
Carnivora,Ursidae,Ursus,arctos,Ursus arctos,,170000,109.9972,395.99,,,Watts and Jonkel (1988),O,T,M,T,HIB,N,N,Ursus arctos,
Carnivora,Ursidae,Ursus,maritimus,Ursus maritimus,,181333,124.4056,447.86,,,Watts et al. (1987),V,P,X,AQ,HIB,N,N,Ursus maritimus,
Carnivora,Otariidae,Zalophus,californianus,Zalophus californianus,,73000,177.9361,640.57,,,Williams et al. (2001),V/IV,T,MW,AQ,N,N,N,Zalophus californianus,
Carnivora,Phocidae,Pusa,hispida,Pusa hispida,,44600,79.1083,284.79,,Not measured,Ochoa-Acuna et al.,V,P,MW,AQ,N,N,N,Phoca hispida,Genus Change
Carnivora,Phocidae,Phoca,vitulina,Phoca vitulina,,85467,158.7472,571.49,36.7,,Ochoa-Acuna et al.,V,T,MW,AQ,N,N,N,Phoca vitulina,
Carnivora,Phocidae,Pagophilus,groenlandicus,Pagophilus groenlandicus,,145657,184.4250,663.93,36.3,,Ochoa-Acuna et al.,V,P,MW,AQ,N,N,N,Phoca groenlandica,Genus/Spelling Change
Carnivora,Phocidae,Leptonychotes,weddellii,Leptonychotes weddellii,,388500,416.0583,1497.81,,Not measured,Williams et al. (2001),V,P,MW,AQ,N,N,N,Leptonychotes weddellii,
Carnivora,Mustelidae,Lutra,lutra,Lutra lutra,,10000,25.1000,90.36,,Not reported,Iversen (1972),V,W,FW,AQ,N,N,N,Lutra lutra,
Carnivora,Mustelidae,Enhydra,lutris,Enhydra lutris,,18000,72.2889,260.24,38.1,,Morrison et al. (1974),V/IV,T,MW,AQ,N,N,N,Enhydra lutris,
Carnivora,Mustelidae,Mustela,nivalis,Mustela nivalis,,77,0.9833,3.54,,,Casey and Casey (1979),V,T,W,T,N,N,N,Mustela nivalis,
Carnivora,Mustelidae,Mustela,erminea,Mustela erminea,,210,1.7333,6.24,,Not reported,Iversen (1972),V,T,W,T,N,N,N,Mustela erminea,
Carnivora,Mustelidae,Mustela,frenata,Mustela frenata,,297,1.5750,5.67,39,,Brown and Lasiewski (1972),V,W,W,T,N,N,N,Mustela frenata,
Carnivora,Mustelidae,Neovison,vison,Neovison vison,,662,2.7111,9.76,,Not measured,Farrel and Wood (1968),V,T,M,T,N,N,N,Mustela vison,Genus Change
Carnivora,Mustelidae,Martes,martes,Martes martes,,920,4.1056,14.78,,Not reported,Iversen (1972),V,T,M,TR,N,N,N,Martes martes,
Carnivora,Mustelidae,Martes,americana,Martes americana,,1038,3.8222,13.76,,Not measured,Worthen and Kilgore (1981),V,T,M,T/TR,N,N,N,Martes americana,
Carnivora,Mustelidae,Mustela,putorius,Mustela putorius,,1575,7.0278,25.3,,Not measured,Korhonen et al. (1983),V,T,W,T,N,N,N,Mustela putorius,
Carnivora,Mustelidae,Eira,barbara,Eira barbara,,2950,6.8111,24.52,38.4,,McNab (1995),V/F,TR,M,T/TR,N,N,N,Eira barbara,
Carnivora,Mustelidae,Taxidea,taxus,Taxidea taxus,,9000,15.0611,54.22,38,,Harlow (1981),V,T,X,B,N,N,N,Taxidea taxus,
Carnivora,Mustelidae,Meles,meles,Meles meles,,11050,16.6417,59.91,,Not reported,Iversen (1972),O,T,M,B,N,N,N,Meles meles,
Carnivora,Mustelidae,Gulo,gulo,Gulo gulo,,12700,32.5861,117.31,,Not reported,Iversen (1972),V,T,W,T,N,N,N,Gulo gulo,
Carnivora,Mephitidae,Spilogale,putorius,Spilogale putorius,,624,1.6361,5.89,36.5,,Knudsen and Kilgore (1990),O,T,M,T,N,N,N,Spilogale putorius,
Carnivora,Mephitidae,Mephitis,mephitis,Mephitis mephitis,,5667,8.4083,30.27,36.4,Original reference is a masters thesis.,Knudsen and Kilgore (1990),O,W,M,T,N,N,N,Mephitis mephitis,
Carnivora,Procyonidae,Procyon,cancrivorus,Procyon cancrivorus,,1160,2.5889,9.32,,Not measured,Scholander et al. (1950),O,TR,M,T/TR,N,N,N,Procyon cancrivorus,
Carnivora,Procyonidae,Bassariscus,sumichrasti,Bassariscus sumichrasti,,1282,3.5389,12.74,38.8,,Chevalier (1987),O,TR,M,TR,N,N,N,Bassariscus sumichrasti,
Carnivora,Procyonidae,Potos,flavus,Potos flavus,,2400,4.2306,15.23,35.8,Average of Tb at 23C (Tl) and 25C.,Müller and Kulzer (1977),F,TR,M,TR,N,N,N,Potos flavus,
Carnivora,Procyonidae,Nasua,narica,Nasua narica,,3670,6.7361,24.25,38.6,,Chevalier (1987),I/F,TR,M,T/TR,N,N,N,Nasua narica,
Carnivora,Procyonidae,Nasua,nasua,Nasua nasua,,4000,5.5778,20.08,,,Chevillard-Hugot et al. (1980),I/F,TR,M,T/TR,N,N,N,Nasua nasua,
Carnivora,Procyonidae,Procyon,lotor,Procyon lotor,,4822.5,12.1861,43.87,,,Mugas et al. (1993),O,T,M,T/TR,N,N,N,Procyon lotor,
Carnivora,Ailuridae,Ailurus,fulgens,Ailurus fulgens,,5740,4.9000,17.64,37.6,,McNab (1988),L,T,M,TR,N,N,N,Ailurus fulgens,
Artiodactyla,Tayassuidae,Pecari,tajacu,Pecari tajacu,,20200,32.4500,116.82,38,Data estimated from plot 15-30C.  McNab uses summer animals.,Zervanos (1975),F,T/TR,W,T,N,N,N,Pecari tajacu,
Artiodactyla,Camelidae,Camelus,dromedarius,Camelus dromedarius,,407000,224.7444,809.08,38.13,,Schmidt-Nielsen et al. (1967),G,T,D,T,N,N,N,Camelus dromedarius,
Artiodactyla,Tragulidae,Tragulus,javanicus,Tragulus javanicus,,1625,4.8861,17.59,38.4,,Whittow et al. (1977),F,TR,M,T,N,N,N,Tragulus javanicus,
Artiodactyla,Cervidae,Capreolus,capreolus,Capreolus capreolus,,19000,41.5444,149.56,,Not measured,Weiner (1977),G,T,M,T,N,N,N,Capreolus capreolus,
Artiodactyla,Cervidae,Odocoileus,virginianus,Odocoileus virginianus,,67625,94.3000,339.48,,Not measured,Silver et al. (1969),G,T/TR,M,T,N,N,N,Odocoileus virginianus,
Artiodactyla,Cervidae,Rangifer,tarandus,Rangifer tarandus,,94100,133.3167,479.94,,Not measured,McEwan (1970),G,T,M,T,N,N,N,Rangifer tarandus,
Artiodactyla,Cervidae,Alces,americanus,Alces americanus,,350000,318.4316,1146.3538888341,38.6,Corrected.  McNab's BMR value is clearly in error.,Reneckker and Hudson (1986),B,T,M,T,N,N,N,Alces alces,Branching
Artiodactyla,Cervidae,Cervus,elaphus,Cervus elaphus,,58000,90.5833,326.1,,Not measured,Brockway and Maloiy (1968),G,T,M,T,N,N,N,Cervus elaphus,
Artiodactyla,Antilocapridae,Antilocapra,americana,Antilocapra americana,,37800,59.0361,212.53,,Not measured,Wesley et al. (1973),G,T,X,T,N,N,N,Antilocapra americana,
Artiodactyla,Bovidae,Oryx,leucoryx,Oryx leucoryx,,84100,103.9361,374.17,38.6,,Williams et al. (2001),G,T,D,T,N,N,N,Oryx leucoryx,
Artiodactyla,Bovidae,Connochaetes,taurinus,Connochaetes taurinus,,140000,156.1778,562.24,,Not measured for Ta below 40C.,Taylor et al. (1969b),G,T/TR,X,T,N,N,N,Connochaetes taurinus,
Artiodactyla,Bovidae,Madoqua,kirkii,Madoqua kirkii,,4600,10.7778,38.8,37.9,,Kamau (1988),L,TR,X,T,N,N,N,Madoqua kirkii,
Artiodactyla,Bovidae,Raphicerus,campestris,Raphicerus campestris,,8500,18.2528,65.71,39.4,,Haim and Skinner (1991),B,T/TR,X,T,N,N,N,Raphicerus campestris,
Artiodactyla,Bovidae,Gazella,subgutturosa,Gazella subgutturosa,,17100,25.6583,92.37,,Not measured,Ostrowski et al. 2006,L,T,D,T,N,N,N,Gazella subgutturosa,
Artiodactyla,Bovidae,Taurotragus,oryx,Taurotragus oryx,,150000,200.8000,722.88,36.5,,Taylor and Lyman (1967),G,TR,X,T,N,N,N,Taurotragus oryx,
Artiodactyla,Bovidae,Oreamnos,americanus,Oreamnos americanus,,32000,46.4083,167.07,,Not measured,Krog and Monson (1954),G,T,M,T,N,N,N,Oreamnos americanus,
Artiodactyla,Bovidae,Ovis,canadensis,Ovis canadensis,,65000,130.5194,469.87,,Not reported,Chappel and Hudson (1978),G,T,M,T,N,N,N,Ovis canadensis,
Artiodactyla,Bovidae,Ovibos,moschatus,Ovibos moschatus,,224500,139.1889,501.08,,,Nilssen et al. (1994),G,P,M,T,N,N,N,Ovibos moschatus,
Artiodactyla,Bovidae,Philantomba,monticola,Philantomba monticola,,4400,10.5528,37.99,39.1,,Haim and Skinner (1991),F,T/TR,M,T,N,N,N,Cephalophus monticola,Genus Change
Artiodactyla,Bovidae,Kobus,ellipsiprymnus,Kobus ellipsiprymnus,,100000,148.9278,536.14,38.7,Estimated from plot at 25C.,Taylor et al. (1969a),G,TR,M,T,N,N,N,Kobus ellipsiprymnus,
Cetacea,Delphinidae,Tursiops,truncatus,Tursiops truncatus,,148600,323.2556,1163.72,,Not measured,T.M.Williams et al. (2001),V,T,MW,AQ,N,N,N,Tursiops truncatus,
Cetacea,Delphinidae,Orcinus,orca,Orcinus orca,,3221000,2173.8889,7826,,,T.M.Williams et al. (2001),V,T,MW,AQ,N,N,N,Orcinus orca,
Cetacea,Phocoenidae,Phocoena,phocoena,Phocoena phocoena,,28500,108.0972,389.15,,,Kanwisher and Sundnes (1965),V,T,MW,AQ,N,N,N,Phocoena phocoena,
