ID,bacterial_genus,replicate,trait_name,trait_value,hour
Sch_AE103_02,Flavobacterium,1,Log(cells/mL),5.3010299957,0
Sch_AE103_02,Flavobacterium,1,Log(cells/mL),5.3010299957,5
Sch_AE103_02,Flavobacterium,1,Log(cells/mL),6.9912260757,10
Sch_AE103_02,Flavobacterium,1,Log(cells/mL),8.0948203804,15
Sch_AE103_02,Flavobacterium,1,Log(cells/mL),8.3583156401,20
Sch_AE103_02,Flavobacterium,1,Log(cells/mL),8.4602963268,25
Sch_AE103_02,Flavobacterium,1,Log(cells/mL),8.2474822607,30
Sch_AE103_02,Flavobacterium,1,Log(cells/mL),8.3074960379,35
Sch_AE103_02,Flavobacterium,1,Log(cells/mL),8.6487502127,40
Sch_AE103_02,Flavobacterium,1,Log(cells/mL),8.5083950331,45
Sch_AE103_02,Flavobacterium,1,Log(cells/mL),-Inf,50
Sch_AE103_02,Flavobacterium,2,Log(cells/mL),5.6020599913,0
Sch_AE103_02,Flavobacterium,2,Log(cells/mL),5.6020599913,5
Sch_AE103_02,Flavobacterium,2,Log(cells/mL),6.5797835966,10
Sch_AE103_02,Flavobacterium,2,Log(cells/mL),8.5110808455,15
Sch_AE103_02,Flavobacterium,2,Log(cells/mL),8.7141620461,20
Sch_AE103_02,Flavobacterium,2,Log(cells/mL),8.5888317256,25
Sch_AE103_02,Flavobacterium,2,Log(cells/mL),8.7873187566,30
Sch_AE103_02,Flavobacterium,2,Log(cells/mL),8.8025000678,35
Sch_AE103_02,Flavobacterium,2,Log(cells/mL),8.6921416094,40
Sch_AE103_02,Flavobacterium,2,Log(cells/mL),8.9452715815,45
Sch_AE103_02,Flavobacterium,2,Log(cells/mL),8.3677285461,50
Sch_AE103_02,Flavobacterium,3,Log(cells/mL),5.3010299957,0
Sch_AE103_02,Flavobacterium,3,Log(cells/mL),-Inf,5
Sch_AE103_02,Flavobacterium,3,Log(cells/mL),5.7781512504,10
Sch_AE103_02,Flavobacterium,3,Log(cells/mL),7.7795964913,15
Sch_AE103_02,Flavobacterium,3,Log(cells/mL),8.1541195255,20
Sch_AE103_02,Flavobacterium,3,Log(cells/mL),8.0153597554,25
Sch_AE103_02,Flavobacterium,3,Log(cells/mL),7.5340261061,30
Sch_AE103_02,Flavobacterium,3,Log(cells/mL),7.6794278966,35
Sch_AE103_02,Flavobacterium,3,Log(cells/mL),7.8115750059,40
Sch_AE103_02,Flavobacterium,3,Log(cells/mL),7.8609366207,45
Sch_AE103_02,Flavobacterium,3,Log(cells/mL),-Inf,50
Sch_AE103_02,Flavobacterium,4,Log(cells/mL),5.6020599913,0
Sch_AE103_02,Flavobacterium,4,Log(cells/mL),-Inf,5
Sch_AE103_02,Flavobacterium,4,Log(cells/mL),7.710963119,10
Sch_AE103_02,Flavobacterium,4,Log(cells/mL),7.0086001718,15
Sch_AE103_02,Flavobacterium,4,Log(cells/mL),8.3155505344,20
Sch_AE103_02,Flavobacterium,4,Log(cells/mL),8.5533975101,25
Sch_AE103_02,Flavobacterium,4,Log(cells/mL),8.6340740255,30
Sch_AE103_02,Flavobacterium,4,Log(cells/mL),8.7721749608,35
Sch_AE103_02,Flavobacterium,4,Log(cells/mL),8.9721102284,40
Sch_AE103_02,Flavobacterium,4,Log(cells/mL),8.6360865151,45
Sch_AE103_02,Flavobacterium,4,Log(cells/mL),8.6743098889,50
Sch_BB22_01,Pseudomonas,1,Log(cells/mL),5.903089987,0
Sch_BB22_01,Pseudomonas,1,Log(cells/mL),-Inf,5
Sch_BB22_01,Pseudomonas,1,Log(cells/mL),6.806179974,10
Sch_BB22_01,Pseudomonas,1,Log(cells/mL),7.7965743332,15
Sch_BB22_01,Pseudomonas,1,Log(cells/mL),8.3279716236,20
Sch_BB22_01,Pseudomonas,1,Log(cells/mL),8.356408327,25
Sch_BB22_01,Pseudomonas,1,Log(cells/mL),8.9405164849,30
Sch_BB22_01,Pseudomonas,1,Log(cells/mL),8.6951312977,35
Sch_BB22_01,Pseudomonas,1,Log(cells/mL),8.7032913781,40
Sch_BB22_01,Pseudomonas,1,Log(cells/mL),8.7309436934,45
Sch_BB22_01,Pseudomonas,1,Log(cells/mL),8.678700435,50
Sch_BB22_01,Pseudomonas,2,Log(cells/mL),-Inf,0
Sch_BB22_01,Pseudomonas,2,Log(cells/mL),5.3010299957,5
Sch_BB22_01,Pseudomonas,2,Log(cells/mL),6.5797835966,10
Sch_BB22_01,Pseudomonas,2,Log(cells/mL),7.7024305364,15
Sch_BB22_01,Pseudomonas,2,Log(cells/mL),8.4017450822,20
Sch_BB22_01,Pseudomonas,2,Log(cells/mL),8.3447851226,25
Sch_BB22_01,Pseudomonas,2,Log(cells/mL),8.845718018,30
Sch_BB22_01,Pseudomonas,2,Log(cells/mL),8.7655195431,35
Sch_BB22_01,Pseudomonas,2,Log(cells/mL),8.8027737253,40
Sch_BB22_01,Pseudomonas,2,Log(cells/mL),8.5961570809,45
Sch_BB22_01,Pseudomonas,2,Log(cells/mL),-Inf,50
Sch_BB22_01,Pseudomonas,3,Log(cells/mL),5.6020599913,0
Sch_BB22_01,Pseudomonas,3,Log(cells/mL),5.6020599913,5
Sch_BB22_01,Pseudomonas,3,Log(cells/mL),5.7781512504,10
Sch_BB22_01,Pseudomonas,3,Log(cells/mL),6.1461280357,15
Sch_BB22_01,Pseudomonas,3,Log(cells/mL),6.6020599913,20
Sch_BB22_01,Pseudomonas,3,Log(cells/mL),6.9637878273,25
Sch_BB22_01,Pseudomonas,3,Log(cells/mL),6.6812412374,30
Sch_BB22_01,Pseudomonas,3,Log(cells/mL),7.1702617154,35
Sch_BB22_01,Pseudomonas,3,Log(cells/mL),7.3053513694,40
Sch_BB22_01,Pseudomonas,3,Log(cells/mL),7.1818435879,45
Sch_BB22_01,Pseudomonas,3,Log(cells/mL),-Inf,50
Sch_BB22_01,Pseudomonas,4,Log(cells/mL),5.6020599913,0
Sch_BB22_01,Pseudomonas,4,Log(cells/mL),5.6020599913,5
Sch_BB22_01,Pseudomonas,4,Log(cells/mL),7.4742162641,10
Sch_BB22_01,Pseudomonas,4,Log(cells/mL),7.6570558529,15
Sch_BB22_01,Pseudomonas,4,Log(cells/mL),7.688419822,20
Sch_BB22_01,Pseudomonas,4,Log(cells/mL),7.6627578317,25
Sch_BB22_01,Pseudomonas,4,Log(cells/mL),8.3827372658,30
Sch_BB22_01,Pseudomonas,4,Log(cells/mL),8.8439798445,35
Sch_BB22_01,Pseudomonas,4,Log(cells/mL),8.7034633419,40
Sch_BB22_01,Pseudomonas,4,Log(cells/mL),8.3443922737,45
Sch_BB22_01,Pseudomonas,4,Log(cells/mL),-Inf,50
Sch_BB22_02,Rahnella,1,Log(cells/mL),5.6020599913,0
Sch_BB22_02,Rahnella,1,Log(cells/mL),5.7781512504,5
Sch_BB22_02,Rahnella,1,Log(cells/mL),7.198657087,10
Sch_BB22_02,Rahnella,1,Log(cells/mL),7.0644579892,15
Sch_BB22_02,Rahnella,1,Log(cells/mL),7.8645110811,20
Sch_BB22_02,Rahnella,1,Log(cells/mL),7.9590413923,25
Sch_BB22_02,Rahnella,1,Log(cells/mL),8.3823773035,30
Sch_BB22_02,Rahnella,1,Log(cells/mL),8.9518230353,35
Sch_BB22_02,Rahnella,1,Log(cells/mL),9.0443045192,40
Sch_BB22_02,Rahnella,1,Log(cells/mL),8.2415464806,45
Sch_BB22_02,Rahnella,1,Log(cells/mL),5.3010299957,50
Sch_BB22_02,Rahnella,2,Log(cells/mL),5.3010299957,0
Sch_BB22_02,Rahnella,2,Log(cells/mL),5.3010299957,5
Sch_BB22_02,Rahnella,2,Log(cells/mL),7.4653828514,10
Sch_BB22_02,Rahnella,2,Log(cells/mL),7.6866362693,15
Sch_BB22_02,Rahnella,2,Log(cells/mL),7.9768083373,20
Sch_BB22_02,Rahnella,2,Log(cells/mL),8.0111473608,25
Sch_BB22_02,Rahnella,2,Log(cells/mL),8.4007106368,30
Sch_BB22_02,Rahnella,2,Log(cells/mL),8.6144753661,35
Sch_BB22_02,Rahnella,2,Log(cells/mL),8.6098077693,40
Sch_BB22_02,Rahnella,2,Log(cells/mL),8.314709693,45
Sch_BB22_02,Rahnella,2,Log(cells/mL),-Inf,50
Sch_BB22_02,Rahnella,3,Log(cells/mL),5.3010299957,0
Sch_BB22_02,Rahnella,3,Log(cells/mL),-Inf,5
Sch_BB22_02,Rahnella,3,Log(cells/mL),-Inf,10
Sch_BB22_02,Rahnella,3,Log(cells/mL),6.2041199827,15
Sch_BB22_02,Rahnella,3,Log(cells/mL),-Inf,20
Sch_BB22_02,Rahnella,3,Log(cells/mL),6.9731278536,25
Sch_BB22_02,Rahnella,3,Log(cells/mL),7.2304489214,30
Sch_BB22_02,Rahnella,3,Log(cells/mL),7.5998830721,35
Sch_BB22_02,Rahnella,3,Log(cells/mL),7.3541084391,40
Sch_BB22_02,Rahnella,3,Log(cells/mL),7.372912003,45
Sch_BB22_02,Rahnella,3,Log(cells/mL),-Inf,50
Sch_BB22_02,Rahnella,4,Log(cells/mL),5.3010299957,0
Sch_BB22_02,Rahnella,4,Log(cells/mL),5.6020599913,5
Sch_BB22_02,Rahnella,4,Log(cells/mL),7.6665179806,10
Sch_BB22_02,Rahnella,4,Log(cells/mL),-Inf,15
Sch_BB22_02,Rahnella,4,Log(cells/mL),-Inf,20
Sch_BB22_02,Rahnella,4,Log(cells/mL),7.5888317256,25
Sch_BB22_02,Rahnella,4,Log(cells/mL),7.6532125138,30
Sch_BB22_02,Rahnella,4,Log(cells/mL),8.7714404866,35
Sch_BB22_02,Rahnella,4,Log(cells/mL),8.840607879,40
Sch_BB22_02,Rahnella,4,Log(cells/mL),8.6610550849,45
Sch_BB22_02,Rahnella,4,Log(cells/mL),-Inf,50
Sch_BB66_01,Raoultella,1,Log(cells/mL),-Inf,0
Sch_BB66_01,Raoultella,1,Log(cells/mL),6,5
Sch_BB66_01,Raoultella,1,Log(cells/mL),6.5797835966,10
Sch_BB66_01,Raoultella,1,Log(cells/mL),7.709269961,15
Sch_BB66_01,Raoultella,1,Log(cells/mL),8.5477747054,20
Sch_BB66_01,Raoultella,1,Log(cells/mL),8.1535099893,25
Sch_BB66_01,Raoultella,1,Log(cells/mL),8.0762762554,30
Sch_BB66_01,Raoultella,1,Log(cells/mL),8.5390760988,35
Sch_BB66_01,Raoultella,1,Log(cells/mL),8.4048337166,40
Sch_BB66_01,Raoultella,1,Log(cells/mL),8.494154594,45
Sch_BB66_01,Raoultella,1,Log(cells/mL),5.3010299957,50
Sch_BB66_01,Raoultella,2,Log(cells/mL),5.3010299957,0
Sch_BB66_01,Raoultella,2,Log(cells/mL),5.3010299957,5
Sch_BB66_01,Raoultella,2,Log(cells/mL),6,10
Sch_BB66_01,Raoultella,2,Log(cells/mL),8.6968803717,15
Sch_BB66_01,Raoultella,2,Log(cells/mL),8.1092409686,20
Sch_BB66_01,Raoultella,2,Log(cells/mL),7.69019608,25
Sch_BB66_01,Raoultella,2,Log(cells/mL),7.8155777483,30
Sch_BB66_01,Raoultella,2,Log(cells/mL),7.9885589569,35
Sch_BB66_01,Raoultella,2,Log(cells/mL),7.6919651028,40
Sch_BB66_01,Raoultella,2,Log(cells/mL),7.9201233263,45
Sch_BB66_01,Raoultella,2,Log(cells/mL),-Inf,50
Sch_BB66_01,Raoultella,3,Log(cells/mL),5.3010299957,0
Sch_BB66_01,Raoultella,3,Log(cells/mL),5.903089987,5
Sch_BB66_01,Raoultella,3,Log(cells/mL),7.9116901588,10
Sch_BB66_01,Raoultella,3,Log(cells/mL),7.357934847,15
Sch_BB66_01,Raoultella,3,Log(cells/mL),8.0334237555,20
Sch_BB66_01,Raoultella,3,Log(cells/mL),8.8505237089,25
Sch_BB66_01,Raoultella,3,Log(cells/mL),8.5455545072,30
Sch_BB66_01,Raoultella,3,Log(cells/mL),8.8064513232,35
Sch_BB66_01,Raoultella,3,Log(cells/mL),8.3968964491,40
Sch_BB66_01,Raoultella,3,Log(cells/mL),8.4626974081,45
Sch_BB66_01,Raoultella,3,Log(cells/mL),-Inf,50
Sch_BB66_01,Raoultella,4,Log(cells/mL),5.6020599913,0
Sch_BB66_01,Raoultella,4,Log(cells/mL),5.6020599913,5
Sch_BB66_01,Raoultella,4,Log(cells/mL),7.5415792439,10
Sch_BB66_01,Raoultella,4,Log(cells/mL),7.0934216852,15
Sch_BB66_01,Raoultella,4,Log(cells/mL),8.3368598209,20
Sch_BB66_01,Raoultella,4,Log(cells/mL),8.9519200735,25
Sch_BB66_01,Raoultella,4,Log(cells/mL),8.5265977091,30
Sch_BB66_01,Raoultella,4,Log(cells/mL),9.128205344,35
Sch_BB66_01,Raoultella,4,Log(cells/mL),8.318063335,40
Sch_BB66_01,Raoultella,4,Log(cells/mL),8.9768083373,45
Sch_BB66_01,Raoultella,4,Log(cells/mL),-Inf,50
Sch_SP02_01,Sphingobacterium,1,Log(cells/mL),5.6020599913,0
Sch_SP02_01,Sphingobacterium,1,Log(cells/mL),5.6020599913,5
Sch_SP02_01,Sphingobacterium,1,Log(cells/mL),6.6989700043,10
Sch_SP02_01,Sphingobacterium,1,Log(cells/mL),7.7951845897,15
Sch_SP02_01,Sphingobacterium,1,Log(cells/mL),8.3121773564,20
Sch_SP02_01,Sphingobacterium,1,Log(cells/mL),8.3740147403,25
Sch_SP02_01,Sphingobacterium,1,Log(cells/mL),8.8336569969,30
Sch_SP02_01,Sphingobacterium,1,Log(cells/mL),8.6078837444,35
Sch_SP02_01,Sphingobacterium,1,Log(cells/mL),8.7419390777,40
Sch_SP02_01,Sphingobacterium,1,Log(cells/mL),8.5021538929,45
Sch_SP02_01,Sphingobacterium,1,Log(cells/mL),-Inf,50
Sch_SP02_01,Sphingobacterium,2,Log(cells/mL),6,0
Sch_SP02_01,Sphingobacterium,2,Log(cells/mL),5.6020599913,5
Sch_SP02_01,Sphingobacterium,2,Log(cells/mL),5.3010299957,10
Sch_SP02_01,Sphingobacterium,2,Log(cells/mL),5.903089987,15
Sch_SP02_01,Sphingobacterium,2,Log(cells/mL),6.5051499783,20
Sch_SP02_01,Sphingobacterium,2,Log(cells/mL),7.0086001718,25
Sch_SP02_01,Sphingobacterium,2,Log(cells/mL),7.9009130677,30
Sch_SP02_01,Sphingobacterium,2,Log(cells/mL),8.2895889525,35
Sch_SP02_01,Sphingobacterium,2,Log(cells/mL),7.7619278384,40
Sch_SP02_01,Sphingobacterium,2,Log(cells/mL),8.0606978404,45
Sch_SP02_01,Sphingobacterium,2,Log(cells/mL),8.0228406109,50
Sch_SP02_01,Sphingobacterium,3,Log(cells/mL),5.3010299957,0
Sch_SP02_01,Sphingobacterium,3,Log(cells/mL),5.903089987,5
Sch_SP02_01,Sphingobacterium,3,Log(cells/mL),5.6020599913,10
Sch_SP02_01,Sphingobacterium,3,Log(cells/mL),6,15
Sch_SP02_01,Sphingobacterium,3,Log(cells/mL),6.4771212547,20
Sch_SP02_01,Sphingobacterium,3,Log(cells/mL),6.7923916895,25
Sch_SP02_01,Sphingobacterium,3,Log(cells/mL),7.1271047984,30
Sch_SP02_01,Sphingobacterium,3,Log(cells/mL),7.5051499783,35
Sch_SP02_01,Sphingobacterium,3,Log(cells/mL),7.1875207208,40
Sch_SP02_01,Sphingobacterium,3,Log(cells/mL),7.2253092817,45
Sch_SP02_01,Sphingobacterium,3,Log(cells/mL),7.264817823,50
Sch_SP02_01,Sphingobacterium,4,Log(cells/mL),-Inf,0
Sch_SP02_01,Sphingobacterium,4,Log(cells/mL),5.3010299957,5
Sch_SP02_01,Sphingobacterium,4,Log(cells/mL),7.1818435879,10
Sch_SP02_01,Sphingobacterium,4,Log(cells/mL),7.4857214265,15
Sch_SP02_01,Sphingobacterium,4,Log(cells/mL),7.773786445,20
Sch_SP02_01,Sphingobacterium,4,Log(cells/mL),8.1398790864,25
Sch_SP02_01,Sphingobacterium,4,Log(cells/mL),8.3762118503,30
Sch_SP02_01,Sphingobacterium,4,Log(cells/mL),8.7188337183,35
Sch_SP02_01,Sphingobacterium,4,Log(cells/mL),8.6537911874,40
Sch_SP02_01,Sphingobacterium,4,Log(cells/mL),8.5375672572,45
Sch_SP02_01,Sphingobacterium,4,Log(cells/mL),8.1947917577,50
Sch_SP02_02,Rhizobium,1,Log(cells/mL),5.6020599913,0
Sch_SP02_02,Rhizobium,1,Log(cells/mL),5.7781512504,5
Sch_SP02_02,Rhizobium,1,Log(cells/mL),7.2504200023,10
Sch_SP02_02,Rhizobium,1,Log(cells/mL),7.361727836,15
Sch_SP02_02,Rhizobium,1,Log(cells/mL),7.773786445,20
Sch_SP02_02,Rhizobium,1,Log(cells/mL),8.5987905068,25
Sch_SP02_02,Rhizobium,1,Log(cells/mL),8.0856472883,30
Sch_SP02_02,Rhizobium,1,Log(cells/mL),8.7552648914,35
Sch_SP02_02,Rhizobium,1,Log(cells/mL),8.5289167003,40
Sch_SP02_02,Rhizobium,1,Log(cells/mL),8.5206145219,45
Sch_SP02_02,Rhizobium,1,Log(cells/mL),8.1953460583,50
Sch_SP02_02,Rhizobium,2,Log(cells/mL),5.903089987,0
Sch_SP02_02,Rhizobium,2,Log(cells/mL),5.3010299957,5
Sch_SP02_02,Rhizobium,2,Log(cells/mL),7.5185139399,10
Sch_SP02_02,Rhizobium,2,Log(cells/mL),7.4409090821,15
Sch_SP02_02,Rhizobium,2,Log(cells/mL),8.0856472883,20
Sch_SP02_02,Rhizobium,2,Log(cells/mL),7.8796692056,25
Sch_SP02_02,Rhizobium,2,Log(cells/mL),8.5198279938,30
Sch_SP02_02,Rhizobium,2,Log(cells/mL),8.7198282863,35
Sch_SP02_02,Rhizobium,2,Log(cells/mL),8.4831592097,40
Sch_SP02_02,Rhizobium,2,Log(cells/mL),8.5040628827,45
Sch_SP02_02,Rhizobium,2,Log(cells/mL),7.9180303368,50
Sch_SP02_02,Rhizobium,3,Log(cells/mL),5.6020599913,0
Sch_SP02_02,Rhizobium,3,Log(cells/mL),-Inf,5
Sch_SP02_02,Rhizobium,3,Log(cells/mL),5.7781512504,10
Sch_SP02_02,Rhizobium,3,Log(cells/mL),7.4248816366,15
Sch_SP02_02,Rhizobium,3,Log(cells/mL),8.2127201544,20
Sch_SP02_02,Rhizobium,3,Log(cells/mL),7.4969296481,25
Sch_SP02_02,Rhizobium,3,Log(cells/mL),7.428134794,30
Sch_SP02_02,Rhizobium,3,Log(cells/mL),8.2430380487,35
Sch_SP02_02,Rhizobium,3,Log(cells/mL),7.9314578707,40
Sch_SP02_02,Rhizobium,3,Log(cells/mL),7.5078558717,45
Sch_SP02_02,Rhizobium,3,Log(cells/mL),-Inf,50
Sch_SP02_02,Rhizobium,4,Log(cells/mL),5.6020599913,0
Sch_SP02_02,Rhizobium,4,Log(cells/mL),-Inf,5
Sch_SP02_02,Rhizobium,4,Log(cells/mL),7.727541257,10
Sch_SP02_02,Rhizobium,4,Log(cells/mL),6.1461280357,15
Sch_SP02_02,Rhizobium,4,Log(cells/mL),6.9731278536,20
Sch_SP02_02,Rhizobium,4,Log(cells/mL),7.198657087,25
Sch_SP02_02,Rhizobium,4,Log(cells/mL),7.9885589569,30
Sch_SP02_02,Rhizobium,4,Log(cells/mL),8.260071388,35
Sch_SP02_02,Rhizobium,4,Log(cells/mL),8.8465845029,40
Sch_SP02_02,Rhizobium,4,Log(cells/mL),8.8179618045,45
Sch_SP02_02,Rhizobium,4,Log(cells/mL),-Inf,50
Sch_SP03_01,Arthrobacter,1,Log(cells/mL),-Inf,0
Sch_SP03_01,Arthrobacter,1,Log(cells/mL),5.6020599913,5
Sch_SP03_01,Arthrobacter,1,Log(cells/mL),6.4471580313,10
Sch_SP03_01,Arthrobacter,1,Log(cells/mL),7.8363241157,15
Sch_SP03_01,Arthrobacter,1,Log(cells/mL),8.411282913,20
Sch_SP03_01,Arthrobacter,1,Log(cells/mL),8.1058506744,25
Sch_SP03_01,Arthrobacter,1,Log(cells/mL),8.331224781,30
Sch_SP03_01,Arthrobacter,1,Log(cells/mL),8.3255156634,35
Sch_SP03_01,Arthrobacter,1,Log(cells/mL),8.4024333462,40
Sch_SP03_01,Arthrobacter,1,Log(cells/mL),8.4449811121,45
Sch_SP03_01,Arthrobacter,1,Log(cells/mL),8.2365372615,50
Sch_SP03_01,Arthrobacter,2,Log(cells/mL),5.3010299957,0
Sch_SP03_01,Arthrobacter,2,Log(cells/mL),5.6020599913,5
Sch_SP03_01,Arthrobacter,2,Log(cells/mL),5.7781512504,10
Sch_SP03_01,Arthrobacter,2,Log(cells/mL),7.9148718175,15
Sch_SP03_01,Arthrobacter,2,Log(cells/mL),8.5774917998,20
Sch_SP03_01,Arthrobacter,2,Log(cells/mL),7.88536122,25
Sch_SP03_01,Arthrobacter,2,Log(cells/mL),7.7259116323,30
Sch_SP03_01,Arthrobacter,2,Log(cells/mL),8.0334237555,35
Sch_SP03_01,Arthrobacter,2,Log(cells/mL),8.0008677215,40
Sch_SP03_01,Arthrobacter,2,Log(cells/mL),7.9982593384,45
Sch_SP03_01,Arthrobacter,2,Log(cells/mL),7.3541084391,50
Sch_SP03_01,Arthrobacter,3,Log(cells/mL),5.3010299957,0
Sch_SP03_01,Arthrobacter,3,Log(cells/mL),5.3010299957,5
Sch_SP03_01,Arthrobacter,3,Log(cells/mL),5.3010299957,10
Sch_SP03_01,Arthrobacter,3,Log(cells/mL),7.2695129442,15
Sch_SP03_01,Arthrobacter,3,Log(cells/mL),8.4065401804,20
Sch_SP03_01,Arthrobacter,3,Log(cells/mL),7.6127838567,25
Sch_SP03_01,Arthrobacter,3,Log(cells/mL),7.6354837468,30
Sch_SP03_01,Arthrobacter,3,Log(cells/mL),7.6570558529,35
Sch_SP03_01,Arthrobacter,3,Log(cells/mL),7.6776069527,40
Sch_SP03_01,Arthrobacter,3,Log(cells/mL),7.9084850189,45
Sch_SP03_01,Arthrobacter,3,Log(cells/mL),7.727541257,50
Sch_SP03_01,Arthrobacter,4,Log(cells/mL),-Inf,0
Sch_SP03_01,Arthrobacter,4,Log(cells/mL),5.3010299957,5
Sch_SP03_01,Arthrobacter,4,Log(cells/mL),7.8286598965,10
Sch_SP03_01,Arthrobacter,4,Log(cells/mL),7.2455126678,15
Sch_SP03_01,Arthrobacter,4,Log(cells/mL),7.9777236053,20
Sch_SP03_01,Arthrobacter,4,Log(cells/mL),9.0353496765,25
Sch_SP03_01,Arthrobacter,4,Log(cells/mL),8.7065471026,30
Sch_SP03_01,Arthrobacter,4,Log(cells/mL),8.7925317619,35
Sch_SP03_01,Arthrobacter,4,Log(cells/mL),8.676876432,40
Sch_SP03_01,Arthrobacter,4,Log(cells/mL),8.9867717343,45
Sch_SP03_01,Arthrobacter,4,Log(cells/mL),9.2215185603,50
Sch_SP04_01,Citrobacter,1,Log(cells/mL),5.7781512504,0
Sch_SP04_01,Citrobacter,1,Log(cells/mL),5.6020599913,5
Sch_SP04_01,Citrobacter,1,Log(cells/mL),6.7923916895,10
Sch_SP04_01,Citrobacter,1,Log(cells/mL),7.9571281977,15
Sch_SP04_01,Citrobacter,1,Log(cells/mL),7.9786369484,20
Sch_SP04_01,Citrobacter,1,Log(cells/mL),8.3677285461,25
Sch_SP04_01,Citrobacter,1,Log(cells/mL),9.0441476209,30
Sch_SP04_01,Citrobacter,1,Log(cells/mL),8.562768543,35
Sch_SP04_01,Citrobacter,1,Log(cells/mL),8.630631244,40
Sch_SP04_01,Citrobacter,1,Log(cells/mL),8.4310419453,45
Sch_SP04_01,Citrobacter,1,Log(cells/mL),8.8303319935,50
Sch_SP04_01,Citrobacter,2,Log(cells/mL),5.903089987,0
Sch_SP04_01,Citrobacter,2,Log(cells/mL),5.3010299957,5
Sch_SP04_01,Citrobacter,2,Log(cells/mL),5.3010299957,10
Sch_SP04_01,Citrobacter,2,Log(cells/mL),5.6020599913,15
Sch_SP04_01,Citrobacter,2,Log(cells/mL),6.1461280357,20
Sch_SP04_01,Citrobacter,2,Log(cells/mL),6.8808135923,25
Sch_SP04_01,Citrobacter,2,Log(cells/mL),7.5132176001,30
Sch_SP04_01,Citrobacter,2,Log(cells/mL),8.2643455071,35
Sch_SP04_01,Citrobacter,2,Log(cells/mL),8.0187004987,40
Sch_SP04_01,Citrobacter,2,Log(cells/mL),8.1455071714,45
Sch_SP04_01,Citrobacter,2,Log(cells/mL),7.806179974,50
Sch_SP04_01,Citrobacter,3,Log(cells/mL),5.3010299957,0
Sch_SP04_01,Citrobacter,3,Log(cells/mL),5.6020599913,5
Sch_SP04_01,Citrobacter,3,Log(cells/mL),-Inf,10
Sch_SP04_01,Citrobacter,3,Log(cells/mL),5.3010299957,15
Sch_SP04_01,Citrobacter,3,Log(cells/mL),6,20
Sch_SP04_01,Citrobacter,3,Log(cells/mL),6.7781512504,25
Sch_SP04_01,Citrobacter,3,Log(cells/mL),7.8155777483,30
Sch_SP04_01,Citrobacter,3,Log(cells/mL),7.2041199827,35
Sch_SP04_01,Citrobacter,3,Log(cells/mL),7.0863598307,40
Sch_SP04_01,Citrobacter,3,Log(cells/mL),7.7126497016,45
Sch_SP04_01,Citrobacter,3,Log(cells/mL),7.2355284469,50
Sch_SP04_01,Citrobacter,4,Log(cells/mL),5.3010299957,0
Sch_SP04_01,Citrobacter,4,Log(cells/mL),5.6020599913,5
Sch_SP04_01,Citrobacter,4,Log(cells/mL),7.3096301674,10
Sch_SP04_01,Citrobacter,4,Log(cells/mL),7.3344537512,15
Sch_SP04_01,Citrobacter,4,Log(cells/mL),7.4623979979,20
Sch_SP04_01,Citrobacter,4,Log(cells/mL),7.7339992865,25
Sch_SP04_01,Citrobacter,4,Log(cells/mL),8.2430380487,30
Sch_SP04_01,Citrobacter,4,Log(cells/mL),8.2652896259,35
Sch_SP04_01,Citrobacter,4,Log(cells/mL),8.8838884579,40
Sch_SP04_01,Citrobacter,4,Log(cells/mL),8.5541255815,45
Sch_SP04_01,Citrobacter,4,Log(cells/mL),8.2304489214,50
Sch_SP04_02,Pseudomonas,1,Log(cells/mL),5.6020599913,0
Sch_SP04_02,Pseudomonas,1,Log(cells/mL),-Inf,5
Sch_SP04_02,Pseudomonas,1,Log(cells/mL),6.6989700043,10
Sch_SP04_02,Pseudomonas,1,Log(cells/mL),7.7339992865,15
Sch_SP04_02,Pseudomonas,1,Log(cells/mL),8.0948203804,20
Sch_SP04_02,Pseudomonas,1,Log(cells/mL),8.0674428428,25
Sch_SP04_02,Pseudomonas,1,Log(cells/mL),8.0599418881,30
Sch_SP04_02,Pseudomonas,1,Log(cells/mL),8.4736329269,35
Sch_SP04_02,Pseudomonas,1,Log(cells/mL),8.4930395883,40
Sch_SP04_02,Pseudomonas,1,Log(cells/mL),8.1897709563,45
Sch_SP04_02,Pseudomonas,1,Log(cells/mL),8.1218879851,50
Sch_SP04_02,Pseudomonas,2,Log(cells/mL),5.6020599913,0
Sch_SP04_02,Pseudomonas,2,Log(cells/mL),-Inf,5
Sch_SP04_02,Pseudomonas,2,Log(cells/mL),7.1335389084,10
Sch_SP04_02,Pseudomonas,2,Log(cells/mL),7.4248816366,15
Sch_SP04_02,Pseudomonas,2,Log(cells/mL),8.1535099893,20
Sch_SP04_02,Pseudomonas,2,Log(cells/mL),-Inf,25
Sch_SP04_02,Pseudomonas,2,Log(cells/mL),8.438384107,30
Sch_SP04_02,Pseudomonas,2,Log(cells/mL),8.1322596895,35
Sch_SP04_02,Pseudomonas,2,Log(cells/mL),8.4106085426,40
Sch_SP04_02,Pseudomonas,2,Log(cells/mL),8.4099331233,45
Sch_SP04_02,Pseudomonas,2,Log(cells/mL),8.1132746925,50
Sch_SP04_02,Pseudomonas,3,Log(cells/mL),5.7781512504,0
Sch_SP04_02,Pseudomonas,3,Log(cells/mL),5.3010299957,5
Sch_SP04_02,Pseudomonas,3,Log(cells/mL),6.3010299957,10
Sch_SP04_02,Pseudomonas,3,Log(cells/mL),6.5051499783,15
Sch_SP04_02,Pseudomonas,3,Log(cells/mL),8.532754379,20
Sch_SP04_02,Pseudomonas,3,Log(cells/mL),8.0413926852,25
Sch_SP04_02,Pseudomonas,3,Log(cells/mL),8.5423273828,30
Sch_SP04_02,Pseudomonas,3,Log(cells/mL),8.0637085594,35
Sch_SP04_02,Pseudomonas,3,Log(cells/mL),8.0499928569,40
Sch_SP04_02,Pseudomonas,3,Log(cells/mL),8.300160537,45
Sch_SP04_02,Pseudomonas,3,Log(cells/mL),8.1914510145,50
Sch_SP04_02,Pseudomonas,4,Log(cells/mL),5.903089987,0
Sch_SP04_02,Pseudomonas,4,Log(cells/mL),5.3010299957,5
Sch_SP04_02,Pseudomonas,4,Log(cells/mL),8.006037955,10
Sch_SP04_02,Pseudomonas,4,Log(cells/mL),6.079181246,15
Sch_SP04_02,Pseudomonas,4,Log(cells/mL),7.1335389084,20
Sch_SP04_02,Pseudomonas,4,Log(cells/mL),7.2966651903,25
Sch_SP04_02,Pseudomonas,4,Log(cells/mL),8.1436392353,30
Sch_SP04_02,Pseudomonas,4,Log(cells/mL),8.6121478383,35
Sch_SP04_02,Pseudomonas,4,Log(cells/mL),8.4014005408,40
Sch_SP04_02,Pseudomonas,4,Log(cells/mL),8.9554953292,45
Sch_SP04_02,Pseudomonas,4,Log(cells/mL),9.3821251522,50
Sch_WYC41_02,Curtobacterium,1,Log(cells/mL),6,0
Sch_WYC41_02,Curtobacterium,1,Log(cells/mL),5.3010299957,5
Sch_WYC41_02,Curtobacterium,1,Log(cells/mL),7,10
Sch_WYC41_02,Curtobacterium,1,Log(cells/mL),8.0689276117,15
Sch_WYC41_02,Curtobacterium,1,Log(cells/mL),8.4590907896,20
Sch_WYC41_02,Curtobacterium,1,Log(cells/mL),8.2685779719,25
Sch_WYC41_02,Curtobacterium,1,Log(cells/mL),8.2360331471,30
Sch_WYC41_02,Curtobacterium,1,Log(cells/mL),8.1875207208,35
Sch_WYC41_02,Curtobacterium,1,Log(cells/mL),8.5546102852,40
Sch_WYC41_02,Curtobacterium,1,Log(cells/mL),8.4578818967,45
Sch_WYC41_02,Curtobacterium,1,Log(cells/mL),8.3751146847,50
Sch_WYC41_02,Curtobacterium,2,Log(cells/mL),5.3010299957,0
Sch_WYC41_02,Curtobacterium,2,Log(cells/mL),6.079181246,5
Sch_WYC41_02,Curtobacterium,2,Log(cells/mL),5.6020599913,10
Sch_WYC41_02,Curtobacterium,2,Log(cells/mL),8.4027770696,15
Sch_WYC41_02,Curtobacterium,2,Log(cells/mL),7.9991305413,20
Sch_WYC41_02,Curtobacterium,2,Log(cells/mL),7.8965262175,25
Sch_WYC41_02,Curtobacterium,2,Log(cells/mL),8.1251558296,30
Sch_WYC41_02,Curtobacterium,2,Log(cells/mL),8.0584260245,35
Sch_WYC41_02,Curtobacterium,2,Log(cells/mL),7.8819549713,40
Sch_WYC41_02,Curtobacterium,2,Log(cells/mL),8.2400497721,45
Sch_WYC41_02,Curtobacterium,2,Log(cells/mL),7.7466341989,50
Sch_WYC41_02,Curtobacterium,3,Log(cells/mL),5.7781512504,0
Sch_WYC41_02,Curtobacterium,3,Log(cells/mL),5.3010299957,5
Sch_WYC41_02,Curtobacterium,3,Log(cells/mL),5.3010299957,10
Sch_WYC41_02,Curtobacterium,3,Log(cells/mL),7.5340261061,15
Sch_WYC41_02,Curtobacterium,3,Log(cells/mL),8.5219222449,20
Sch_WYC41_02,Curtobacterium,3,Log(cells/mL),7.6170003411,25
Sch_WYC41_02,Curtobacterium,3,Log(cells/mL),7.7909884751,30
Sch_WYC41_02,Curtobacterium,3,Log(cells/mL),7.631443769,35
Sch_WYC41_02,Curtobacterium,3,Log(cells/mL),7.6972293428,40
Sch_WYC41_02,Curtobacterium,3,Log(cells/mL),7.651278014,45
Sch_WYC41_02,Curtobacterium,3,Log(cells/mL),7.3541084391,50
Sch_WYC41_02,Curtobacterium,4,Log(cells/mL),5.6020599913,0
Sch_WYC41_02,Curtobacterium,4,Log(cells/mL),5.3010299957,5
Sch_WYC41_02,Curtobacterium,4,Log(cells/mL),7.6937269489,10
Sch_WYC41_02,Curtobacterium,4,Log(cells/mL),7.4623979979,15
Sch_WYC41_02,Curtobacterium,4,Log(cells/mL),7.3944516808,20
Sch_WYC41_02,Curtobacterium,4,Log(cells/mL),8.1126050015,25
Sch_WYC41_02,Curtobacterium,4,Log(cells/mL),8.4474681309,30
Sch_WYC41_02,Curtobacterium,4,Log(cells/mL),8.7807492311,35
Sch_WYC41_02,Curtobacterium,4,Log(cells/mL),8.3902283625,40
Sch_WYC41_02,Curtobacterium,4,Log(cells/mL),8.4683473304,45
Sch_WYC41_02,Curtobacterium,4,Log(cells/mL),8.6810602436,50
Sch_WYC41_03,Microbacterium,1,Log(cells/mL),5.7781512504,0
Sch_WYC41_03,Microbacterium,1,Log(cells/mL),5.3010299957,5
Sch_WYC41_03,Microbacterium,1,Log(cells/mL),6.6627578317,10
Sch_WYC41_03,Microbacterium,1,Log(cells/mL),8.1225435241,15
Sch_WYC41_03,Microbacterium,1,Log(cells/mL),8.3287872004,20
Sch_WYC41_03,Microbacterium,1,Log(cells/mL),8.1373541114,25
Sch_WYC41_03,Microbacterium,1,Log(cells/mL),9.1930132265,30
Sch_WYC41_03,Microbacterium,1,Log(cells/mL),8.6953065224,35
Sch_WYC41_03,Microbacterium,1,Log(cells/mL),8.7031193462,40
Sch_WYC41_03,Microbacterium,1,Log(cells/mL),8.6236627074,45
Sch_WYC41_03,Microbacterium,1,Log(cells/mL),8.7463227651,50
Sch_WYC41_03,Microbacterium,2,Log(cells/mL),5.7781512504,0
Sch_WYC41_03,Microbacterium,2,Log(cells/mL),5.6020599913,5
Sch_WYC41_03,Microbacterium,2,Log(cells/mL),5.6020599913,10
Sch_WYC41_03,Microbacterium,2,Log(cells/mL),6.5563025008,15
Sch_WYC41_03,Microbacterium,2,Log(cells/mL),6.6020599913,20
Sch_WYC41_03,Microbacterium,2,Log(cells/mL),7.1003705451,25
Sch_WYC41_03,Microbacterium,2,Log(cells/mL),7.3304137733,30
Sch_WYC41_03,Microbacterium,2,Log(cells/mL),7.2833012287,35
Sch_WYC41_03,Microbacterium,2,Log(cells/mL),7.5797835966,40
Sch_WYC41_03,Microbacterium,2,Log(cells/mL),8.0119931147,45
Sch_WYC41_03,Microbacterium,2,Log(cells/mL),7.6665179806,50
Sch_WYC41_03,Microbacterium,3,Log(cells/mL),5.6020599913,0
Sch_WYC41_03,Microbacterium,3,Log(cells/mL),5.3010299957,5
Sch_WYC41_03,Microbacterium,3,Log(cells/mL),-Inf,10
Sch_WYC41_03,Microbacterium,3,Log(cells/mL),5.903089987,15
Sch_WYC41_03,Microbacterium,3,Log(cells/mL),6.079181246,20
Sch_WYC41_03,Microbacterium,3,Log(cells/mL),6.8325089127,25
Sch_WYC41_03,Microbacterium,3,Log(cells/mL),7.4969296481,30
Sch_WYC41_03,Microbacterium,3,Log(cells/mL),7.2041199827,35
Sch_WYC41_03,Microbacterium,3,Log(cells/mL),7.3765769571,40
Sch_WYC41_03,Microbacterium,3,Log(cells/mL),7.7649229846,45
Sch_WYC41_03,Microbacterium,3,Log(cells/mL),7.7323937598,50
Sch_WYC41_03,Microbacterium,4,Log(cells/mL),5.6020599913,0
Sch_WYC41_03,Microbacterium,4,Log(cells/mL),5.6020599913,5
Sch_WYC41_03,Microbacterium,4,Log(cells/mL),7.1702617154,10
Sch_WYC41_03,Microbacterium,4,Log(cells/mL),7.3944516808,15
Sch_WYC41_03,Microbacterium,4,Log(cells/mL),7.3304137733,20
Sch_WYC41_03,Microbacterium,4,Log(cells/mL),8.1442627738,25
Sch_WYC41_03,Microbacterium,4,Log(cells/mL),8.5324995861,30
Sch_WYC41_03,Microbacterium,4,Log(cells/mL),8.5174598265,35
Sch_WYC41_03,Microbacterium,4,Log(cells/mL),8.9263424466,40
Sch_WYC41_03,Microbacterium,4,Log(cells/mL),8.8068580295,45
Sch_WYC41_03,Microbacterium,4,Log(cells/mL),8.3769417571,50
Sch_WYC42_01,Rhizobium,1,Log(cells/mL),5.3010299957,0
Sch_WYC42_01,Rhizobium,1,Log(cells/mL),-Inf,5
Sch_WYC42_01,Rhizobium,1,Log(cells/mL),5.3010299957,10
Sch_WYC42_01,Rhizobium,1,Log(cells/mL),5.7781512504,15
Sch_WYC42_01,Rhizobium,1,Log(cells/mL),6.3424226808,20
Sch_WYC42_01,Rhizobium,1,Log(cells/mL),6.748188027,25
Sch_WYC42_01,Rhizobium,1,Log(cells/mL),7.4313637642,30
Sch_WYC42_01,Rhizobium,1,Log(cells/mL),7.1583624921,35
Sch_WYC42_01,Rhizobium,1,Log(cells/mL),7.4771212547,40
Sch_WYC42_01,Rhizobium,1,Log(cells/mL),7.8048206787,45
Sch_WYC42_01,Rhizobium,1,Log(cells/mL),7.6170003411,50
Sch_WYC42_01,Rhizobium,2,Log(cells/mL),5.3010299957,0
Sch_WYC42_01,Rhizobium,2,Log(cells/mL),-Inf,5
Sch_WYC42_01,Rhizobium,2,Log(cells/mL),5.903089987,10
Sch_WYC42_01,Rhizobium,2,Log(cells/mL),6.2041199827,15
Sch_WYC42_01,Rhizobium,2,Log(cells/mL),6.2041199827,20
Sch_WYC42_01,Rhizobium,2,Log(cells/mL),6.6020599913,25
Sch_WYC42_01,Rhizobium,2,Log(cells/mL),7.1271047984,30
Sch_WYC42_01,Rhizobium,2,Log(cells/mL),7.1818435879,35
Sch_WYC42_01,Rhizobium,2,Log(cells/mL),7.264817823,40
Sch_WYC42_01,Rhizobium,2,Log(cells/mL),7.220108088,45
Sch_WYC42_01,Rhizobium,2,Log(cells/mL),7.3344537512,50
Sch_WYC42_01,Rhizobium,3,Log(cells/mL),5.903089987,0
Sch_WYC42_01,Rhizobium,3,Log(cells/mL),5.3010299957,5
Sch_WYC42_01,Rhizobium,3,Log(cells/mL),-Inf,10
Sch_WYC42_01,Rhizobium,3,Log(cells/mL),-Inf,15
Sch_WYC42_01,Rhizobium,3,Log(cells/mL),6.2041199827,20
Sch_WYC42_01,Rhizobium,3,Log(cells/mL),6.5797835966,25
Sch_WYC42_01,Rhizobium,3,Log(cells/mL),7.1205739312,30
Sch_WYC42_01,Rhizobium,3,Log(cells/mL),7.0170333393,35
Sch_WYC42_01,Rhizobium,3,Log(cells/mL),7.198657087,40
Sch_WYC42_01,Rhizobium,3,Log(cells/mL),7.6334684556,45
Sch_WYC42_01,Rhizobium,3,Log(cells/mL),7.3096301674,50
Sch_WYC42_01,Rhizobium,4,Log(cells/mL),5.6020599913,0
Sch_WYC42_01,Rhizobium,4,Log(cells/mL),5.3010299957,5
Sch_WYC42_01,Rhizobium,4,Log(cells/mL),5.7781512504,10
Sch_WYC42_01,Rhizobium,4,Log(cells/mL),5.3010299957,15
Sch_WYC42_01,Rhizobium,4,Log(cells/mL),6.1461280357,20
Sch_WYC42_01,Rhizobium,4,Log(cells/mL),6.4771212547,25
Sch_WYC42_01,Rhizobium,4,Log(cells/mL),7.7007037171,30
Sch_WYC42_01,Rhizobium,4,Log(cells/mL),8.2345172835,35
Sch_WYC42_01,Rhizobium,4,Log(cells/mL),7.810232518,40
Sch_WYC42_01,Rhizobium,4,Log(cells/mL),8.3762118503,45
Sch_WYC42_01,Rhizobium,4,Log(cells/mL),8.2375437381,50
Sch_WYM25_02,Roseomonas,1,Log(cells/mL),-Inf,0
Sch_WYM25_02,Roseomonas,1,Log(cells/mL),5.3010299957,5
Sch_WYM25_02,Roseomonas,1,Log(cells/mL),7.4969296481,10
Sch_WYM25_02,Roseomonas,1,Log(cells/mL),6.079181246,15
Sch_WYM25_02,Roseomonas,1,Log(cells/mL),6.6627578317,20
Sch_WYM25_02,Roseomonas,1,Log(cells/mL),6.6989700043,25
Sch_WYM25_02,Roseomonas,1,Log(cells/mL),7.8195439355,30
Sch_WYM25_02,Roseomonas,1,Log(cells/mL),7.4409090821,35
Sch_WYM25_02,Roseomonas,1,Log(cells/mL),7.6989700043,40
Sch_WYM25_02,Roseomonas,1,Log(cells/mL),8.1192558893,45
Sch_WYM25_02,Roseomonas,1,Log(cells/mL),8.654369091,50
Sch_WYM25_02,Roseomonas,2,Log(cells/mL),-Inf,0
Sch_WYM25_02,Roseomonas,2,Log(cells/mL),5.6020599913,5
Sch_WYM25_02,Roseomonas,2,Log(cells/mL),7.651278014,10
Sch_WYM25_02,Roseomonas,2,Log(cells/mL),5.3010299957,15
Sch_WYM25_02,Roseomonas,2,Log(cells/mL),6.4471580313,20
Sch_WYM25_02,Roseomonas,2,Log(cells/mL),6.3010299957,25
Sch_WYM25_02,Roseomonas,2,Log(cells/mL),7.8075350281,30
Sch_WYM25_02,Roseomonas,2,Log(cells/mL),7.5611013836,35
Sch_WYM25_02,Roseomonas,2,Log(cells/mL),7.4409090821,40
Sch_WYM25_02,Roseomonas,2,Log(cells/mL),8.277838333,45
Sch_WYM25_02,Roseomonas,2,Log(cells/mL),9.1960655931,50
Sch_WYM25_02,Roseomonas,3,Log(cells/mL),5.3010299957,0
Sch_WYM25_02,Roseomonas,3,Log(cells/mL),-Inf,5
Sch_WYM25_02,Roseomonas,3,Log(cells/mL),6,10
Sch_WYM25_02,Roseomonas,3,Log(cells/mL),6.7781512504,15
Sch_WYM25_02,Roseomonas,3,Log(cells/mL),8.0318122713,20
Sch_WYM25_02,Roseomonas,3,Log(cells/mL),8.1283992687,25
Sch_WYM25_02,Roseomonas,3,Log(cells/mL),8.5665553309,30
Sch_WYM25_02,Roseomonas,3,Log(cells/mL),8.532754379,35
Sch_WYM25_02,Roseomonas,3,Log(cells/mL),8.0777311797,40
Sch_WYM25_02,Roseomonas,3,Log(cells/mL),8.0927206447,45
Sch_WYM25_02,Roseomonas,3,Log(cells/mL),8.0253058653,50
Sch_WYM25_02,Roseomonas,4,Log(cells/mL),5.3010299957,0
Sch_WYM25_02,Roseomonas,4,Log(cells/mL),-Inf,5
Sch_WYM25_02,Roseomonas,4,Log(cells/mL),6.3424226808,10
Sch_WYM25_02,Roseomonas,4,Log(cells/mL),6.531478917,15
Sch_WYM25_02,Roseomonas,4,Log(cells/mL),7.264817823,20
Sch_WYM25_02,Roseomonas,4,Log(cells/mL),7.8115750059,25
Sch_WYM25_02,Roseomonas,4,Log(cells/mL),8.8254261178,30
Sch_WYM25_02,Roseomonas,4,Log(cells/mL),8.1017470739,35
Sch_WYM25_02,Roseomonas,4,Log(cells/mL),8.3662361237,40
Sch_WYM25_02,Roseomonas,4,Log(cells/mL),7.9513375188,45
Sch_WYM25_02,Roseomonas,4,Log(cells/mL),8.1031192535,50
Sch_WYM27_02,Novosphingobium,1,Log(cells/mL),-Inf,0
Sch_WYM27_02,Novosphingobium,1,Log(cells/mL),5.903089987,5
Sch_WYM27_02,Novosphingobium,1,Log(cells/mL),6.3424226808,10
Sch_WYM27_02,Novosphingobium,1,Log(cells/mL),6.5051499783,15
Sch_WYM27_02,Novosphingobium,1,Log(cells/mL),8.1044871113,20
Sch_WYM27_02,Novosphingobium,1,Log(cells/mL),8.4044916178,25
Sch_WYM27_02,Novosphingobium,1,Log(cells/mL),8.5696079675,30
Sch_WYM27_02,Novosphingobium,1,Log(cells/mL),8.2008504981,35
Sch_WYM27_02,Novosphingobium,1,Log(cells/mL),8.0599418881,40
Sch_WYM27_02,Novosphingobium,1,Log(cells/mL),8.1225435241,45
Sch_WYM27_02,Novosphingobium,1,Log(cells/mL),8.043755127,50
Sch_WYM27_02,Novosphingobium,2,Log(cells/mL),-Inf,0
Sch_WYM27_02,Novosphingobium,2,Log(cells/mL),-Inf,5
Sch_WYM27_02,Novosphingobium,2,Log(cells/mL),5.3010299957,10
Sch_WYM27_02,Novosphingobium,2,Log(cells/mL),5.903089987,15
Sch_WYM27_02,Novosphingobium,2,Log(cells/mL),6.8808135923,20
Sch_WYM27_02,Novosphingobium,2,Log(cells/mL),7.2552725051,25
Sch_WYM27_02,Novosphingobium,2,Log(cells/mL),7.0492180227,30
Sch_WYM27_02,Novosphingobium,2,Log(cells/mL),7,35
Sch_WYM27_02,Novosphingobium,2,Log(cells/mL),7.214843848,40
Sch_WYM27_02,Novosphingobium,2,Log(cells/mL),7.1818435879,45
Sch_WYM27_02,Novosphingobium,2,Log(cells/mL),7.3502480183,50
Sch_WYM27_02,Novosphingobium,3,Log(cells/mL),5.3010299957,0
Sch_WYM27_02,Novosphingobium,3,Log(cells/mL),5.6020599913,5
Sch_WYM27_02,Novosphingobium,3,Log(cells/mL),6.2041199827,10
Sch_WYM27_02,Novosphingobium,3,Log(cells/mL),6.6020599913,15
Sch_WYM27_02,Novosphingobium,3,Log(cells/mL),7.7589118924,20
Sch_WYM27_02,Novosphingobium,3,Log(cells/mL),7.2741578493,25
Sch_WYM27_02,Novosphingobium,3,Log(cells/mL),8.0806264869,30
Sch_WYM27_02,Novosphingobium,3,Log(cells/mL),8.452093249,35
Sch_WYM27_02,Novosphingobium,3,Log(cells/mL),8.523226042,40
Sch_WYM27_02,Novosphingobium,3,Log(cells/mL),8.6670792055,45
Sch_WYM27_02,Novosphingobium,3,Log(cells/mL),8.5499836112,50
Sch_WYM27_02,Novosphingobium,4,Log(cells/mL),-Inf,0
Sch_WYM27_02,Novosphingobium,4,Log(cells/mL),-Inf,5
Sch_WYM27_02,Novosphingobium,4,Log(cells/mL),-Inf,10
Sch_WYM27_02,Novosphingobium,4,Log(cells/mL),5.6020599913,15
Sch_WYM27_02,Novosphingobium,4,Log(cells/mL),6.8920946027,20
Sch_WYM27_02,Novosphingobium,4,Log(cells/mL),6.6627578317,25
Sch_WYM27_02,Novosphingobium,4,Log(cells/mL),7.4248816366,30
Sch_WYM27_02,Novosphingobium,4,Log(cells/mL),8.3246939139,35
Sch_WYM27_02,Novosphingobium,4,Log(cells/mL),8.4768316285,40
Sch_WYM27_02,Novosphingobium,4,Log(cells/mL),8.0261245167,45
Sch_WYM27_02,Novosphingobium,4,Log(cells/mL),-Inf,50
Sch_WYM27_03,Novosphingobium,1,Log(cells/mL),5.6020599913,0
Sch_WYM27_03,Novosphingobium,1,Log(cells/mL),5.6020599913,5
Sch_WYM27_03,Novosphingobium,1,Log(cells/mL),5.3010299957,10
Sch_WYM27_03,Novosphingobium,1,Log(cells/mL),5.6020599913,15
Sch_WYM27_03,Novosphingobium,1,Log(cells/mL),6.414973348,20
Sch_WYM27_03,Novosphingobium,1,Log(cells/mL),6.8573324964,25
Sch_WYM27_03,Novosphingobium,1,Log(cells/mL),7.1461280357,30
Sch_WYM27_03,Novosphingobium,1,Log(cells/mL),7.1335389084,35
Sch_WYM27_03,Novosphingobium,1,Log(cells/mL),7.3944516808,40
Sch_WYM27_03,Novosphingobium,1,Log(cells/mL),7.428134794,45
Sch_WYM27_03,Novosphingobium,1,Log(cells/mL),7.2878017299,50
Sch_WYM27_03,Novosphingobium,2,Log(cells/mL),-Inf,0
Sch_WYM27_03,Novosphingobium,2,Log(cells/mL),5.3010299957,5
Sch_WYM27_03,Novosphingobium,2,Log(cells/mL),5.7781512504,10
Sch_WYM27_03,Novosphingobium,2,Log(cells/mL),5.6020599913,15
Sch_WYM27_03,Novosphingobium,2,Log(cells/mL),5.903089987,20
Sch_WYM27_03,Novosphingobium,2,Log(cells/mL),6.9138138524,25
Sch_WYM27_03,Novosphingobium,2,Log(cells/mL),7.220108088,30
Sch_WYM27_03,Novosphingobium,2,Log(cells/mL),7.318063335,35
Sch_WYM27_03,Novosphingobium,2,Log(cells/mL),7.2253092817,40
Sch_WYM27_03,Novosphingobium,2,Log(cells/mL),7.5634810854,45
Sch_WYM27_03,Novosphingobium,2,Log(cells/mL),7.3010299957,50
Sch_WYM27_03,Novosphingobium,3,Log(cells/mL),5.3010299957,0
Sch_WYM27_03,Novosphingobium,3,Log(cells/mL),5.903089987,5
Sch_WYM27_03,Novosphingobium,3,Log(cells/mL),-Inf,10
Sch_WYM27_03,Novosphingobium,3,Log(cells/mL),5.3010299957,15
Sch_WYM27_03,Novosphingobium,3,Log(cells/mL),6.2552725051,20
Sch_WYM27_03,Novosphingobium,3,Log(cells/mL),6.6989700043,25
Sch_WYM27_03,Novosphingobium,3,Log(cells/mL),7.4563660331,30
Sch_WYM27_03,Novosphingobium,3,Log(cells/mL),7.5211380837,35
Sch_WYM27_03,Novosphingobium,3,Log(cells/mL),7.2095150145,40
Sch_WYM27_03,Novosphingobium,3,Log(cells/mL),7.5051499783,45
Sch_WYM27_03,Novosphingobium,3,Log(cells/mL),7.480006943,50
Sch_WYM27_03,Novosphingobium,4,Log(cells/mL),6.079181246,0
Sch_WYM27_03,Novosphingobium,4,Log(cells/mL),5.3010299957,5
Sch_WYM27_03,Novosphingobium,4,Log(cells/mL),5.3010299957,10
Sch_WYM27_03,Novosphingobium,4,Log(cells/mL),5.903089987,15
Sch_WYM27_03,Novosphingobium,4,Log(cells/mL),6.4771212547,20
Sch_WYM27_03,Novosphingobium,4,Log(cells/mL),6.6989700043,25
Sch_WYM27_03,Novosphingobium,4,Log(cells/mL),7.4913616938,30
Sch_WYM27_03,Novosphingobium,4,Log(cells/mL),7.4502491083,35
Sch_WYM27_03,Novosphingobium,4,Log(cells/mL),7.4771212547,40
Sch_WYM27_03,Novosphingobium,4,Log(cells/mL),7.5263392774,45
Sch_WYM27_03,Novosphingobium,4,Log(cells/mL),7.4082399653,50
Sch_WYM33_02,Raoultella,1,Log(cells/mL),5.903089987,0
Sch_WYM33_02,Raoultella,1,Log(cells/mL),5.3010299957,5
Sch_WYM33_02,Raoultella,1,Log(cells/mL),7.660865478,10
Sch_WYM33_02,Raoultella,1,Log(cells/mL),6.3424226808,15
Sch_WYM33_02,Raoultella,1,Log(cells/mL),6.5051499783,20
Sch_WYM33_02,Raoultella,1,Log(cells/mL),6.8920946027,25
Sch_WYM33_02,Raoultella,1,Log(cells/mL),7.6794278966,30
Sch_WYM33_02,Raoultella,1,Log(cells/mL),7.4623979979,35
Sch_WYM33_02,Raoultella,1,Log(cells/mL),8.0228406109,40
Sch_WYM33_02,Raoultella,1,Log(cells/mL),8.568670978,45
Sch_WYM33_02,Raoultella,1,Log(cells/mL),9.0063804585,50
Sch_WYM33_02,Raoultella,2,Log(cells/mL),6,0
Sch_WYM33_02,Raoultella,2,Log(cells/mL),5.3010299957,5
Sch_WYM33_02,Raoultella,2,Log(cells/mL),6.531478917,10
Sch_WYM33_02,Raoultella,2,Log(cells/mL),8.1303337685,15
Sch_WYM33_02,Raoultella,2,Log(cells/mL),8.6080979463,20
Sch_WYM33_02,Raoultella,2,Log(cells/mL),8.4517864355,25
Sch_WYM33_02,Raoultella,2,Log(cells/mL),8.5089335261,30
Sch_WYM33_02,Raoultella,2,Log(cells/mL),8.5575072019,35
Sch_WYM33_02,Raoultella,2,Log(cells/mL),8.4007106368,40
Sch_WYM33_02,Raoultella,2,Log(cells/mL),8.2057455409,45
Sch_WYM33_02,Raoultella,2,Log(cells/mL),8.4471580313,50
Sch_WYM33_02,Raoultella,3,Log(cells/mL),5.6020599913,0
Sch_WYM33_02,Raoultella,3,Log(cells/mL),5.6020599913,5
Sch_WYM33_02,Raoultella,3,Log(cells/mL),5.7781512504,10
Sch_WYM33_02,Raoultella,3,Log(cells/mL),7.0170333393,15
Sch_WYM33_02,Raoultella,3,Log(cells/mL),7.591064607,20
Sch_WYM33_02,Raoultella,3,Log(cells/mL),8.1510632534,25
Sch_WYM33_02,Raoultella,3,Log(cells/mL),8.3506356083,30
Sch_WYM33_02,Raoultella,3,Log(cells/mL),8.3163897511,35
Sch_WYM33_02,Raoultella,3,Log(cells/mL),8.2489536155,40
Sch_WYM33_02,Raoultella,3,Log(cells/mL),7.7259116323,45
Sch_WYM33_02,Raoultella,3,Log(cells/mL),8.0806264869,50
Sch_WYM33_02,Raoultella,4,Log(cells/mL),5.3010299957,0
Sch_WYM33_02,Raoultella,4,Log(cells/mL),-Inf,5
Sch_WYM33_02,Raoultella,4,Log(cells/mL),5.3010299957,10
Sch_WYM33_02,Raoultella,4,Log(cells/mL),6.079181246,15
Sch_WYM33_02,Raoultella,4,Log(cells/mL),6.84509804,20
Sch_WYM33_02,Raoultella,4,Log(cells/mL),7.1398790864,25
Sch_WYM33_02,Raoultella,4,Log(cells/mL),7.2041199827,30
Sch_WYM33_02,Raoultella,4,Log(cells/mL),7.2552725051,35
Sch_WYM33_02,Raoultella,4,Log(cells/mL),7.5289167003,40
Sch_WYM33_02,Raoultella,4,Log(cells/mL),7.4913616938,45
Sch_WYM33_02,Raoultella,4,Log(cells/mL),7.5263392774,50
Sea_WYC41_02,Serratia,1,Log(cells/mL),5.3010299957,0
Sea_WYC41_02,Serratia,1,Log(cells/mL),5.3010299957,5
Sea_WYC41_02,Serratia,1,Log(cells/mL),6.414973348,10
Sea_WYC41_02,Serratia,1,Log(cells/mL),6.2041199827,15
Sea_WYC41_02,Serratia,1,Log(cells/mL),8.0111473608,20
Sea_WYC41_02,Serratia,1,Log(cells/mL),8.0989896394,25
Sea_WYC41_02,Serratia,1,Log(cells/mL),8.4483971035,30
Sea_WYC41_02,Serratia,1,Log(cells/mL),8.1303337685,35
Sea_WYC41_02,Serratia,1,Log(cells/mL),8.3870337013,40
Sea_WYC41_02,Serratia,1,Log(cells/mL),7.9084850189,45
Sea_WYC41_02,Serratia,1,Log(cells/mL),7.9973863844,50
Sea_WYC41_02,Serratia,2,Log(cells/mL),-Inf,0
Sea_WYC41_02,Serratia,2,Log(cells/mL),-Inf,5
Sea_WYC41_02,Serratia,2,Log(cells/mL),-Inf,10
Sea_WYC41_02,Serratia,2,Log(cells/mL),5.7781512504,15
Sea_WYC41_02,Serratia,2,Log(cells/mL),6.806179974,20
Sea_WYC41_02,Serratia,2,Log(cells/mL),6.8920946027,25
Sea_WYC41_02,Serratia,2,Log(cells/mL),7.079181246,30
Sea_WYC41_02,Serratia,2,Log(cells/mL),7.0863598307,35
Sea_WYC41_02,Serratia,2,Log(cells/mL),7.1271047984,40
Sea_WYC41_02,Serratia,2,Log(cells/mL),7.2966651903,45
Sea_WYC41_02,Serratia,2,Log(cells/mL),7.5365584426,50
Sea_WYC41_02,Serratia,3,Log(cells/mL),-Inf,0
Sea_WYC41_02,Serratia,3,Log(cells/mL),-Inf,5
Sea_WYC41_02,Serratia,3,Log(cells/mL),6.1461280357,10
Sea_WYC41_02,Serratia,3,Log(cells/mL),6.6232492904,15
Sea_WYC41_02,Serratia,3,Log(cells/mL),7.6473829701,20
Sea_WYC41_02,Serratia,3,Log(cells/mL),7.631443769,25
Sea_WYC41_02,Serratia,3,Log(cells/mL),8.2430380487,30
Sea_WYC41_02,Serratia,3,Log(cells/mL),8.1553360375,35
Sea_WYC41_02,Serratia,3,Log(cells/mL),8.46329561,40
Sea_WYC41_02,Serratia,3,Log(cells/mL),8.6234560481,45
Sea_WYC41_02,Serratia,3,Log(cells/mL),8.5255630583,50
Sea_WYC41_02,Serratia,4,Log(cells/mL),5.3010299957,0
Sea_WYC41_02,Serratia,4,Log(cells/mL),5.3010299957,5
Sea_WYC41_02,Serratia,4,Log(cells/mL),5.6020599913,10
Sea_WYC41_02,Serratia,4,Log(cells/mL),6.079181246,15
Sea_WYC41_02,Serratia,4,Log(cells/mL),6.6812412374,20
Sea_WYC41_02,Serratia,4,Log(cells/mL),6.8808135923,25
Sea_WYC41_02,Serratia,4,Log(cells/mL),7.7693773261,30
Sea_WYC41_02,Serratia,4,Log(cells/mL),7.9542425094,35
Sea_WYC41_02,Serratia,4,Log(cells/mL),9.0334237555,40
Sea_WYC41_02,Serratia,4,Log(cells/mL),8.6646419756,45
Sea_WYC41_02,Serratia,4,Log(cells/mL),7.5237464668,50
Sea_WYM25_02,Chryseobacterium,1,Log(cells/mL),5.3010299957,0
Sea_WYM25_02,Chryseobacterium,1,Log(cells/mL),-Inf,5
Sea_WYM25_02,Chryseobacterium,1,Log(cells/mL),5.3010299957,10
Sea_WYM25_02,Chryseobacterium,1,Log(cells/mL),5.6020599913,15
Sea_WYM25_02,Chryseobacterium,1,Log(cells/mL),6.7160033436,20
Sea_WYM25_02,Chryseobacterium,1,Log(cells/mL),6.748188027,25
Sea_WYM25_02,Chryseobacterium,1,Log(cells/mL),7.4969296481,30
Sea_WYM25_02,Chryseobacterium,1,Log(cells/mL),7.264817823,35
Sea_WYM25_02,Chryseobacterium,1,Log(cells/mL),7.719331287,40
Sea_WYM25_02,Chryseobacterium,1,Log(cells/mL),7.719331287,45
Sea_WYM25_02,Chryseobacterium,1,Log(cells/mL),7.4082399653,50
Sea_WYM25_02,Chryseobacterium,2,Log(cells/mL),5.6020599913,0
Sea_WYM25_02,Chryseobacterium,2,Log(cells/mL),5.7781512504,5
Sea_WYM25_02,Chryseobacterium,2,Log(cells/mL),5.6020599913,10
Sea_WYM25_02,Chryseobacterium,2,Log(cells/mL),5.6020599913,15
Sea_WYM25_02,Chryseobacterium,2,Log(cells/mL),6.5797835966,20
Sea_WYM25_02,Chryseobacterium,2,Log(cells/mL),7.0334237555,25
Sea_WYM25_02,Chryseobacterium,2,Log(cells/mL),7.357934847,30
Sea_WYM25_02,Chryseobacterium,2,Log(cells/mL),7.2304489214,35
Sea_WYM25_02,Chryseobacterium,2,Log(cells/mL),7.1139433523,40
Sea_WYM25_02,Chryseobacterium,2,Log(cells/mL),7.3802112417,45
Sea_WYM25_02,Chryseobacterium,2,Log(cells/mL),7.2833012287,50
Sea_WYM25_02,Chryseobacterium,3,Log(cells/mL),5.6020599913,0
Sea_WYM25_02,Chryseobacterium,3,Log(cells/mL),5.7781512504,5
Sea_WYM25_02,Chryseobacterium,3,Log(cells/mL),6.5797835966,10
Sea_WYM25_02,Chryseobacterium,3,Log(cells/mL),8.0094508958,15
Sea_WYM25_02,Chryseobacterium,3,Log(cells/mL),8.0350292822,20
Sea_WYM25_02,Chryseobacterium,3,Log(cells/mL),8.2949069106,25
Sea_WYM25_02,Chryseobacterium,3,Log(cells/mL),8.3877456596,30
Sea_WYM25_02,Chryseobacterium,3,Log(cells/mL),8.27600199,35
Sea_WYM25_02,Chryseobacterium,3,Log(cells/mL),8.4122925093,40
Sea_WYM25_02,Chryseobacterium,3,Log(cells/mL),8.2801228963,45
Sea_WYM25_02,Chryseobacterium,3,Log(cells/mL),8.1522883444,50
Sea_WYM25_02,Chryseobacterium,4,Log(cells/mL),5.6020599913,0
Sea_WYM25_02,Chryseobacterium,4,Log(cells/mL),5.3010299957,5
Sea_WYM25_02,Chryseobacterium,4,Log(cells/mL),-Inf,10
Sea_WYM25_02,Chryseobacterium,4,Log(cells/mL),6.3424226808,15
Sea_WYM25_02,Chryseobacterium,4,Log(cells/mL),6.8692317197,20
Sea_WYM25_02,Chryseobacterium,4,Log(cells/mL),7.4653828514,25
Sea_WYM25_02,Chryseobacterium,4,Log(cells/mL),7.6273658566,30
Sea_WYM25_02,Chryseobacterium,4,Log(cells/mL),7.6776069527,35
Sea_WYM25_02,Chryseobacterium,4,Log(cells/mL),7.7226339225,40
Sea_WYM25_02,Chryseobacterium,4,Log(cells/mL),7.8401060945,45
Sea_WYM25_02,Chryseobacterium,4,Log(cells/mL),7.9314578707,50
Sea_WYM25_03,Chryseobacterium,1,Log(cells/mL),5.6020599913,0
Sea_WYM25_03,Chryseobacterium,1,Log(cells/mL),5.6020599913,5
Sea_WYM25_03,Chryseobacterium,1,Log(cells/mL),7.6394864893,10
Sea_WYM25_03,Chryseobacterium,1,Log(cells/mL),6.2041199827,15
Sea_WYM25_03,Chryseobacterium,1,Log(cells/mL),6.5051499783,20
Sea_WYM25_03,Chryseobacterium,1,Log(cells/mL),7.2041199827,25
Sea_WYM25_03,Chryseobacterium,1,Log(cells/mL),7.7708520116,30
Sea_WYM25_03,Chryseobacterium,1,Log(cells/mL),7.4913616938,35
Sea_WYM25_03,Chryseobacterium,1,Log(cells/mL),7.8375884382,40
Sea_WYM25_03,Chryseobacterium,1,Log(cells/mL),8.325104983,45
Sea_WYM25_03,Chryseobacterium,1,Log(cells/mL),8.9471395176,50
Sea_WYM25_03,Chryseobacterium,2,Log(cells/mL),5.7781512504,0
Sea_WYM25_03,Chryseobacterium,2,Log(cells/mL),5.6020599913,5
Sea_WYM25_03,Chryseobacterium,2,Log(cells/mL),6.4771212547,10
Sea_WYM25_03,Chryseobacterium,2,Log(cells/mL),8.0561422621,15
Sea_WYM25_03,Chryseobacterium,2,Log(cells/mL),8.5358002908,20
Sea_WYM25_03,Chryseobacterium,2,Log(cells/mL),8.4024333462,25
Sea_WYM25_03,Chryseobacterium,2,Log(cells/mL),8.3014640731,30
Sea_WYM25_03,Chryseobacterium,2,Log(cells/mL),8.4605971889,35
Sea_WYM25_03,Chryseobacterium,2,Log(cells/mL),8.2445245116,40
Sea_WYM25_03,Chryseobacterium,2,Log(cells/mL),8.2258259915,45
Sea_WYM25_03,Chryseobacterium,2,Log(cells/mL),8.2992893341,50
Sea_WYM25_03,Chryseobacterium,3,Log(cells/mL),5.3010299957,0
Sea_WYM25_03,Chryseobacterium,3,Log(cells/mL),-Inf,5
Sea_WYM25_03,Chryseobacterium,3,Log(cells/mL),6.1461280357,10
Sea_WYM25_03,Chryseobacterium,3,Log(cells/mL),7.1583624921,15
Sea_WYM25_03,Chryseobacterium,3,Log(cells/mL),8.3541084391,20
Sea_WYM25_03,Chryseobacterium,3,Log(cells/mL),8.2227164711,25
Sea_WYM25_03,Chryseobacterium,3,Log(cells/mL),8.1812717716,30
Sea_WYM25_03,Chryseobacterium,3,Log(cells/mL),8.5558196831,35
Sea_WYM25_03,Chryseobacterium,3,Log(cells/mL),7.9740509028,40
Sea_WYM25_03,Chryseobacterium,3,Log(cells/mL),7.8536982118,45
Sea_WYM25_03,Chryseobacterium,3,Log(cells/mL),7.9858753573,50
Sea_WYM25_03,Chryseobacterium,4,Log(cells/mL),5.6020599913,0
Sea_WYM25_03,Chryseobacterium,4,Log(cells/mL),6,5
Sea_WYM25_03,Chryseobacterium,4,Log(cells/mL),5.3010299957,10
Sea_WYM25_03,Chryseobacterium,4,Log(cells/mL),6.3424226808,15
Sea_WYM25_03,Chryseobacterium,4,Log(cells/mL),7.1875207208,20
Sea_WYM25_03,Chryseobacterium,4,Log(cells/mL),7.1003705451,25
Sea_WYM25_03,Chryseobacterium,4,Log(cells/mL),7.1583624921,30
Sea_WYM25_03,Chryseobacterium,4,Log(cells/mL),7.357934847,35
Sea_WYM25_03,Chryseobacterium,4,Log(cells/mL),7.3096301674,40
Sea_WYM25_03,Chryseobacterium,4,Log(cells/mL),7.260071388,45
Sea_WYM25_03,Chryseobacterium,4,Log(cells/mL),7.5390760988,50
Sea_WYM27_02,Paenibacillus,1,Log(cells/mL),5.903089987,0
Sea_WYM27_02,Paenibacillus,1,Log(cells/mL),-Inf,5
Sea_WYM27_02,Paenibacillus,1,Log(cells/mL),6,10
Sea_WYM27_02,Paenibacillus,1,Log(cells/mL),6.6812412374,15
Sea_WYM27_02,Paenibacillus,1,Log(cells/mL),8.0277572047,20
Sea_WYM27_02,Paenibacillus,1,Log(cells/mL),8.3420276881,25
Sea_WYM27_02,Paenibacillus,1,Log(cells/mL),8.5968169359,30
Sea_WYM27_02,Paenibacillus,1,Log(cells/mL),7.9484129658,35
Sea_WYM27_02,Paenibacillus,1,Log(cells/mL),8.1607685619,40
Sea_WYM27_02,Paenibacillus,1,Log(cells/mL),7.531478917,45
Sea_WYM27_02,Paenibacillus,1,Log(cells/mL),7.7573960288,50
Sea_WYM27_02,Paenibacillus,2,Log(cells/mL),5.3010299957,0
Sea_WYM27_02,Paenibacillus,2,Log(cells/mL),5.6020599913,5
Sea_WYM27_02,Paenibacillus,2,Log(cells/mL),-Inf,10
Sea_WYM27_02,Paenibacillus,2,Log(cells/mL),5.903089987,15
Sea_WYM27_02,Paenibacillus,2,Log(cells/mL),7.0086001718,20
Sea_WYM27_02,Paenibacillus,2,Log(cells/mL),7.5538830266,25
Sea_WYM27_02,Paenibacillus,2,Log(cells/mL),7.2922560714,30
Sea_WYM27_02,Paenibacillus,2,Log(cells/mL),7.0334237555,35
Sea_WYM27_02,Paenibacillus,2,Log(cells/mL),7.1335389084,40
Sea_WYM27_02,Paenibacillus,2,Log(cells/mL),7.361727836,45
Sea_WYM27_02,Paenibacillus,2,Log(cells/mL),7.1875207208,50
Sea_WYM27_02,Paenibacillus,3,Log(cells/mL),5.6020599913,0
Sea_WYM27_02,Paenibacillus,3,Log(cells/mL),5.7781512504,5
Sea_WYM27_02,Paenibacillus,3,Log(cells/mL),7.0253058653,10
Sea_WYM27_02,Paenibacillus,3,Log(cells/mL),6.4771212547,15
Sea_WYM27_02,Paenibacillus,3,Log(cells/mL),7.3944516808,20
Sea_WYM27_02,Paenibacillus,3,Log(cells/mL),7.2455126678,25
Sea_WYM27_02,Paenibacillus,3,Log(cells/mL),8.1846914308,30
Sea_WYM27_02,Paenibacillus,3,Log(cells/mL),8.3544926006,35
Sea_WYM27_02,Paenibacillus,3,Log(cells/mL),8.4405942618,40
Sea_WYM27_02,Paenibacillus,3,Log(cells/mL),8.4530123911,45
Sea_WYM27_02,Paenibacillus,3,Log(cells/mL),8.4496326505,50
Sea_WYM27_02,Paenibacillus,4,Log(cells/mL),5.3010299957,0
Sea_WYM27_02,Paenibacillus,4,Log(cells/mL),-Inf,5
Sea_WYM27_02,Paenibacillus,4,Log(cells/mL),5.3010299957,10
Sea_WYM27_02,Paenibacillus,4,Log(cells/mL),5.3010299957,15
Sea_WYM27_02,Paenibacillus,4,Log(cells/mL),6.4471580313,20
Sea_WYM27_02,Paenibacillus,4,Log(cells/mL),6.9138138524,25
Sea_WYM27_02,Paenibacillus,4,Log(cells/mL),7.6989700043,30
Sea_WYM27_02,Paenibacillus,4,Log(cells/mL),8.1613680022,35
Sea_WYM27_02,Paenibacillus,4,Log(cells/mL),8.0445397604,40
Sea_WYM27_02,Paenibacillus,4,Log(cells/mL),7.9894498177,45
Sea_WYM27_02,Paenibacillus,4,Log(cells/mL),8.2819419334,50
Wil_BB66_03,Paenibacillus,1,Log(cells/mL),5.903089987,0
Wil_BB66_03,Paenibacillus,1,Log(cells/mL),5.3010299957,5
Wil_BB66_03,Paenibacillus,1,Log(cells/mL),5.6020599913,10
Wil_BB66_03,Paenibacillus,1,Log(cells/mL),5.903089987,15
Wil_BB66_03,Paenibacillus,1,Log(cells/mL),6.6989700043,20
Wil_BB66_03,Paenibacillus,1,Log(cells/mL),7.0086001718,25
Wil_BB66_03,Paenibacillus,1,Log(cells/mL),7.1875207208,30
Wil_BB66_03,Paenibacillus,1,Log(cells/mL),7.3096301674,35
Wil_BB66_03,Paenibacillus,1,Log(cells/mL),7.2552725051,40
Wil_BB66_03,Paenibacillus,1,Log(cells/mL),7.4653828514,45
Wil_BB66_03,Paenibacillus,1,Log(cells/mL),7.5263392774,50
Wil_BB66_03,Paenibacillus,2,Log(cells/mL),5.6020599913,0
Wil_BB66_03,Paenibacillus,2,Log(cells/mL),5.903089987,5
Wil_BB66_03,Paenibacillus,2,Log(cells/mL),5.6020599913,10
Wil_BB66_03,Paenibacillus,2,Log(cells/mL),5.903089987,15
Wil_BB66_03,Paenibacillus,2,Log(cells/mL),6.4771212547,20
Wil_BB66_03,Paenibacillus,2,Log(cells/mL),7.1522883444,25
Wil_BB66_03,Paenibacillus,2,Log(cells/mL),7.7619278384,30
Wil_BB66_03,Paenibacillus,2,Log(cells/mL),7.2041199827,35
Wil_BB66_03,Paenibacillus,2,Log(cells/mL),7.260071388,40
Wil_BB66_03,Paenibacillus,2,Log(cells/mL),7.5078558717,45
Wil_BB66_03,Paenibacillus,2,Log(cells/mL),8.0398105541,50
Wil_BB66_03,Paenibacillus,3,Log(cells/mL),5.7781512504,0
Wil_BB66_03,Paenibacillus,3,Log(cells/mL),5.7781512504,5
Wil_BB66_03,Paenibacillus,3,Log(cells/mL),5.3010299957,10
Wil_BB66_03,Paenibacillus,3,Log(cells/mL),5.903089987,15
Wil_BB66_03,Paenibacillus,3,Log(cells/mL),6.4771212547,20
Wil_BB66_03,Paenibacillus,3,Log(cells/mL),6.9912260757,25
Wil_BB66_03,Paenibacillus,3,Log(cells/mL),7.1702617154,30
Wil_BB66_03,Paenibacillus,3,Log(cells/mL),6.8808135923,35
Wil_BB66_03,Paenibacillus,3,Log(cells/mL),7.1702617154,40
Wil_BB66_03,Paenibacillus,3,Log(cells/mL),7.4742162641,45
Wil_BB66_03,Paenibacillus,3,Log(cells/mL),7.2966651903,50
Wil_BB66_03,Paenibacillus,4,Log(cells/mL),5.6020599913,0
Wil_BB66_03,Paenibacillus,4,Log(cells/mL),5.3010299957,5
Wil_BB66_03,Paenibacillus,4,Log(cells/mL),-Inf,10
Wil_BB66_03,Paenibacillus,4,Log(cells/mL),-Inf,15
Wil_BB66_03,Paenibacillus,4,Log(cells/mL),8.0203612826,20
Wil_BB66_03,Paenibacillus,4,Log(cells/mL),7.7371926427,25
Wil_BB66_03,Paenibacillus,4,Log(cells/mL),7.4502491083,30
Wil_BB66_03,Paenibacillus,4,Log(cells/mL),7.0334237555,35
Wil_BB66_03,Paenibacillus,4,Log(cells/mL),7.0718820073,40
Wil_BB66_03,Paenibacillus,4,Log(cells/mL),6.9242792861,45
Wil_BB66_03,Paenibacillus,4,Log(cells/mL),6.8920946027,50
Wil_SP04_02,Bacillus,1,Log(cells/mL),-Inf,0
Wil_SP04_02,Bacillus,1,Log(cells/mL),5.6020599913,5
Wil_SP04_02,Bacillus,1,Log(cells/mL),7.709269961,10
Wil_SP04_02,Bacillus,1,Log(cells/mL),5.7781512504,15
Wil_SP04_02,Bacillus,1,Log(cells/mL),8.5641924606,20
Wil_SP04_02,Bacillus,1,Log(cells/mL),7.4048337166,25
Wil_SP04_02,Bacillus,1,Log(cells/mL),7.9894498177,30
Wil_SP04_02,Bacillus,1,Log(cells/mL),7.5774917998,35
Wil_SP04_02,Bacillus,1,Log(cells/mL),8.0569048513,40
Wil_SP04_02,Bacillus,1,Log(cells/mL),9.1068705445,45
Wil_SP04_02,Bacillus,1,Log(cells/mL),9.0478198278,50
Wil_SP04_02,Bacillus,2,Log(cells/mL),-Inf,0
Wil_SP04_02,Bacillus,2,Log(cells/mL),5.6020599913,5
Wil_SP04_02,Bacillus,2,Log(cells/mL),6.5563025008,10
Wil_SP04_02,Bacillus,2,Log(cells/mL),8.1789769473,15
Wil_SP04_02,Bacillus,2,Log(cells/mL),8.5703093854,20
Wil_SP04_02,Bacillus,2,Log(cells/mL),8.493597449,25
Wil_SP04_02,Bacillus,2,Log(cells/mL),8.4310419453,30
Wil_SP04_02,Bacillus,2,Log(cells/mL),8.5375672572,35
Wil_SP04_02,Bacillus,2,Log(cells/mL),8.4307198879,40
Wil_SP04_02,Bacillus,2,Log(cells/mL),8.2100508499,45
Wil_SP04_02,Bacillus,2,Log(cells/mL),8.3092041797,50
Wil_SP04_02,Bacillus,3,Log(cells/mL),5.3010299957,0
Wil_SP04_02,Bacillus,3,Log(cells/mL),-Inf,5
Wil_SP04_02,Bacillus,3,Log(cells/mL),5.7781512504,10
Wil_SP04_02,Bacillus,3,Log(cells/mL),7.0413926852,15
Wil_SP04_02,Bacillus,3,Log(cells/mL),7.8561244442,20
Wil_SP04_02,Bacillus,3,Log(cells/mL),8.3420276881,25
Wil_SP04_02,Bacillus,3,Log(cells/mL),8.686099772,30
Wil_SP04_02,Bacillus,3,Log(cells/mL),8.5781806096,35
Wil_SP04_02,Bacillus,3,Log(cells/mL),8.0301947854,40
Wil_SP04_02,Bacillus,3,Log(cells/mL),7.8762178406,45
Wil_SP04_02,Bacillus,3,Log(cells/mL),7.9840770339,50
Wil_SP04_02,Bacillus,4,Log(cells/mL),5.7781512504,0
Wil_SP04_02,Bacillus,4,Log(cells/mL),5.6020599913,5
Wil_SP04_02,Bacillus,4,Log(cells/mL),5.3010299957,10
Wil_SP04_02,Bacillus,4,Log(cells/mL),-Inf,15
Wil_SP04_02,Bacillus,4,Log(cells/mL),6.6232492904,20
Wil_SP04_02,Bacillus,4,Log(cells/mL),7.0863598307,25
Wil_SP04_02,Bacillus,4,Log(cells/mL),7.3222192947,30
Wil_SP04_02,Bacillus,4,Log(cells/mL),7.361727836,35
Wil_SP04_02,Bacillus,4,Log(cells/mL),7.3222192947,40
Wil_SP04_02,Bacillus,4,Log(cells/mL),7.260071388,45
Wil_SP04_02,Bacillus,4,Log(cells/mL),7.2922560714,50
